,precision,recall,f1
A Priori Concepts,0.30303030303030304,0.11673151750972763,0.16853932584269665
Emerging Concepts,0.10101010101010101,0.10638297872340426,0.10362694300518135
Concepts Overall,0.3686868686868687,0.20977011494252873,0.2673992673992674
Forward References,0.0,0.0,
Backward References,0.06666666666666667,0.1,0.08
References Overall,0.0625,0.09090909090909091,0.07407407407407407
Overall Average,0.21559343434343434,0.15033960292580983,0.17073667073667073
