,precision,recall,f1
A Priori Concepts,0.2916666666666667,0.10894941634241245,0.1586402266288952
Emerging Concepts,0.10784313725490197,0.11702127659574468,0.11224489795918367
Concepts Overall,0.3686868686868687,0.20977011494252873,0.2673992673992674
Forward References,0.0,0.0,
Backward References,0.16666666666666666,0.2,0.1818181818181818
References Overall,0.2,0.2727272727272727,0.23076923076923075
Overall Average,0.28434343434343434,0.24124869383490072,0.2490842490842491
