,precision,recall,f1
A Priori Concepts,0.2692307692307692,0.10894941634241245,0.1551246537396122
Emerging Concepts,0.07446808510638298,0.07446808510638298,0.07446808510638298
Concepts Overall,0.3686868686868687,0.20977011494252873,0.2673992673992674
Forward References,0.0,0.0,
Backward References,0.18181818181818182,0.2,0.1904761904761905
References Overall,0.21428571428571427,0.2727272727272727,0.23999999999999996
Overall Average,0.29148629148629146,0.24124869383490072,0.25369963369963366
