,precision,recall,f1
A Priori Concepts,0.31868131868131866,0.11284046692607004,0.16666666666666666
Emerging Concepts,0.07476635514018691,0.0851063829787234,0.07960199004975124
Concepts Overall,0.3686868686868687,0.20977011494252873,0.2673992673992674
Forward References,0.2,0.3333333333333333,0.25
Backward References,0.2727272727272727,0.3,0.28571428571428564
References Overall,0.2857142857142857,0.36363636363636365,0.32
Overall Average,0.32720057720057716,0.2867032392894462,0.2936996336996337
