,precision,recall,f1
A Priori Concepts,0.26785714285714285,0.11673151750972763,0.1626016260162602
Emerging Concepts,0.06976744186046512,0.06382978723404255,0.06666666666666667
Concepts Overall,0.3686868686868687,0.20977011494252873,0.2673992673992674
Forward References,0.0,0.0,
Backward References,0.18181818181818182,0.2,0.1904761904761905
References Overall,0.16666666666666666,0.18181818181818182,0.17391304347826086
Overall Average,0.2676767676767677,0.19579414838035528,0.22065615543876413
