,precision,recall,f1
A Priori Concepts,0.19791666666666666,0.07392996108949416,0.1076487252124646
Emerging Concepts,0.11392405063291139,0.09574468085106383,0.10404624277456648
Concepts Overall,0.3485714285714286,0.1752873563218391,0.23326959847036333
Forward References,0.2,0.6666666666666666,0.30769230769230765
Backward References,0.29411764705882354,0.5,0.37037037037037035
References Overall,0.2727272727272727,0.5454545454545454,0.3636363636363636
Overall Average,0.3106493506493506,0.36037095088819227,0.2984529810533635
