,precision,recall,f1
A Priori Concepts,0.29347826086956524,0.10505836575875487,0.15472779369627507
Emerging Concepts,0.10377358490566038,0.11702127659574468,0.11
Concepts Overall,0.3686868686868687,0.20977011494252873,0.2673992673992674
Forward References,0.14285714285714285,0.3333333333333333,0.2
Backward References,0.16666666666666666,0.3,0.21428571428571427
References Overall,0.23809523809523808,0.45454545454545453,0.31249999999999994
Overall Average,0.3033910533910534,0.3321577847439916,0.28994963369963367
