,precision,recall,f1
A Priori Concepts,0.28,0.10894941634241245,0.15686274509803924
Emerging Concepts,0.11224489795918367,0.11702127659574468,0.11458333333333333
Concepts Overall,0.3686868686868687,0.20977011494252873,0.2673992673992674
Forward References,0.2,0.3333333333333333,0.25
Backward References,0.1,0.1,0.10000000000000002
References Overall,0.23076923076923078,0.2727272727272727,0.24999999999999994
Overall Average,0.29972804972804973,0.24124869383490072,0.25869963369963367
