,precision,recall,f1
A Priori Concepts,0.2619047619047619,0.08560311284046693,0.12903225806451613
Emerging Concepts,0.10989010989010989,0.10638297872340426,0.10810810810810811
Concepts Overall,0.3485714285714286,0.1752873563218391,0.23326959847036333
Forward References,0.2,0.6666666666666666,0.30769230769230765
Backward References,0.29411764705882354,0.5,0.37037037037037035
References Overall,0.2727272727272727,0.5454545454545454,0.3636363636363636
Overall Average,0.3106493506493506,0.36037095088819227,0.2984529810533635
