,precision,recall,f1
A Priori Concepts,0.3157894736842105,0.11673151750972763,0.17045454545454544
Emerging Concepts,0.07766990291262135,0.0851063829787234,0.08121827411167512
Concepts Overall,0.3686868686868687,0.20977011494252873,0.2673992673992674
Forward References,0.0,0.0,
Backward References,0.15384615384615385,0.2,0.17391304347826086
References Overall,0.14285714285714285,0.18181818181818182,0.16
Overall Average,0.25577200577200576,0.19579414838035528,0.21369963369963368
