,precision,recall,f1
A Priori Concepts,0.26262626262626265,0.10116731517509728,0.1460674157303371
Emerging Concepts,0.12121212121212122,0.1276595744680851,0.1243523316062176
Concepts Overall,0.3686868686868687,0.20977011494252873,0.2673992673992674
Forward References,0.25,0.3333333333333333,0.28571428571428575
Backward References,0.08333333333333333,0.1,0.0909090909090909
References Overall,0.2,0.2727272727272727,0.23076923076923075
Overall Average,0.28434343434343434,0.24124869383490072,0.2490842490842491
