,precision,recall,f1
A Priori Concepts,0.3229166666666667,0.12062256809338522,0.17563739376770537
Emerging Concepts,0.08823529411764706,0.09574468085106383,0.09183673469387756
Concepts Overall,0.3686868686868687,0.20977011494252873,0.2673992673992674
Forward References,0.2,0.3333333333333333,0.25
Backward References,0.07692307692307693,0.1,0.08695652173913043
References Overall,0.14285714285714285,0.18181818181818182,0.16
Overall Average,0.25577200577200576,0.19579414838035528,0.21369963369963368
