,precision,recall,f1
A Priori Concepts,0.46,0.08949416342412451,0.1498371335504886
Emerging Concepts,0.11612903225806452,0.19148936170212766,0.14457831325301204
Concepts Overall,0.36097560975609755,0.21264367816091953,0.267631103074141
Forward References,0.1111111111111111,0.3333333333333333,0.16666666666666666
Backward References,0.13636363636363635,0.3,0.18749999999999997
References Overall,0.19230769230769232,0.45454545454545453,0.27027027027027023
Overall Average,0.2766416510318949,0.333594566353187,0.2689506866722056
