,precision,recall,f1
A Priori Concepts,0.2803738317757009,0.11673151750972763,0.16483516483516486
Emerging Concepts,0.10989010989010989,0.10638297872340426,0.10810810810810811
Concepts Overall,0.3686868686868687,0.20977011494252873,0.2673992673992674
Forward References,0.14285714285714285,0.3333333333333333,0.2
Backward References,0.09090909090909091,0.1,0.09523809523809525
References Overall,0.2,0.2727272727272727,0.23076923076923075
Overall Average,0.28434343434343434,0.24124869383490072,0.2490842490842491
