,precision,recall,f1
A Priori Concepts,0.1340851268651585,0.10116731517509728,0.11532320066236916
Emerging Concepts,0.07521035598705503,0.07446808510638298,0.07483738004765893
Concepts Overall,0.19953093992422874,0.16091954022988506,0.17815721649484537
Forward References,0.0,0.0,0.0
Backward References,0.09448818897637795,0.1,0.09716599190283401
References Overall,0.22613065326633164,0.2727272727272727,0.24725274725274723
Overall Average,0.2128307965952802,0.2168234064785789,0.2127049818737963
