,precision,recall,f1
A Priori Concepts,0.2978723404255319,0.10894941634241245,0.15954415954415954
Emerging Concepts,0.08653846153846154,0.09574468085106383,0.09090909090909091
Concepts Overall,0.3686868686868687,0.20977011494252873,0.2673992673992674
Forward References,0.16666666666666666,0.3333333333333333,0.2222222222222222
Backward References,0.13333333333333333,0.2,0.16
References Overall,0.23529411764705882,0.36363636363636365,0.2857142857142857
Overall Average,0.30199049316696375,0.2867032392894462,0.2765567765567766
