,precision,recall,f1
A Priori Concepts,0.3142857142857143,0.12840466926070038,0.18232044198895025
Emerging Concepts,0.0967741935483871,0.09574468085106383,0.09625668449197862
Concepts Overall,0.3686868686868687,0.20977011494252873,0.2673992673992674
Forward References,0.0,0.0,
Backward References,0.16666666666666666,0.1,0.125
References Overall,0.125,0.09090909090909091,0.10526315789473685
Overall Average,0.24684343434343434,0.15033960292580983,0.18633121264700211
