,precision,recall,f1
A Priori Concepts,0.3119266055045872,0.13229571984435798,0.18579234972677597
Emerging Concepts,0.0898876404494382,0.0851063829787234,0.08743169398907104
Concepts Overall,0.3686868686868687,0.20977011494252873,0.2673992673992674
Forward References,0.25,0.3333333333333333,0.28571428571428575
Backward References,0.2,0.2,0.20000000000000004
References Overall,0.3076923076923077,0.36363636363636365,0.33333333333333337
Overall Average,0.3381895881895882,0.2867032392894462,0.3003663003663004
