,precision,recall,f1
A Priori Concepts,0.27184466019417475,0.10894941634241245,0.15555555555555556
Emerging Concepts,0.07368421052631578,0.07446808510638298,0.07407407407407406
Concepts Overall,0.3686868686868687,0.20977011494252873,0.2673992673992674
Forward References,0.0,0.0,
Backward References,0.07692307692307693,0.1,0.08695652173913043
References Overall,0.07692307692307693,0.09090909090909091,0.08333333333333334
Overall Average,0.2228049728049728,0.15033960292580983,0.17536630036630035
