,precision,recall,f1
A Priori Concepts,0.32989690721649484,0.1245136186770428,0.1807909604519774
Emerging Concepts,0.1188118811881188,0.1276595744680851,0.12307692307692307
Concepts Overall,0.3686868686868687,0.20977011494252873,0.2673992673992674
Forward References,0.16666666666666666,0.3333333333333333,0.2222222222222222
Backward References,0.18181818181818182,0.2,0.1904761904761905
References Overall,0.26666666666666666,0.36363636363636365,0.30769230769230765
Overall Average,0.31767676767676767,0.2867032392894462,0.2875457875457875
