,precision,recall,f1
A Priori Concepts,0.25,0.10505836575875487,0.14794520547945206
Emerging Concepts,0.1,0.09574468085106383,0.09782608695652173
Concepts Overall,0.3686868686868687,0.20977011494252873,0.2673992673992674
Forward References,0.0,0.0,
Backward References,0.2,0.2,0.20000000000000004
References Overall,0.18181818181818182,0.18181818181818182,0.18181818181818182
Overall Average,0.27525252525252525,0.19579414838035528,0.2246087246087246
