,precision,recall,f1
A Priori Concepts,0.1747331269708103,0.1556420233463035,0.1646359745959059
Emerging Concepts,0.06178707224334601,0.05319148936170213,0.057167985927880395
Concepts Overall,0.21520178844569948,0.1781609195402299,0.19493738342659206
Forward References,0.0,0.0,0.0
Backward References,0.09448818897637795,0.1,0.09716599190283401
References Overall,0.22613065326633164,0.2727272727272727,0.24725274725274723
Overall Average,0.22066622085601556,0.2254440961337513,0.22109506533966966
