,precision,recall,f1
A Priori Concepts,0.13925916002411415,0.10505836575875487,0.11976496341955181
Emerging Concepts,0.06449044585987261,0.06382978723404255,0.06415841584158416
Concepts Overall,0.19953093992422874,0.16091954022988506,0.17815721649484537
Forward References,0.0,0.0,0.0
Backward References,0.09448818897637795,0.1,0.09716599190283401
References Overall,0.22613065326633164,0.2727272727272727,0.24725274725274723
Overall Average,0.2128307965952802,0.2168234064785789,0.2127049818737963
