,precision,recall,f1
A Priori Concepts,0.2815533980582524,0.11284046692607004,0.16111111111111112
Emerging Concepts,0.06315789473684211,0.06382978723404255,0.06349206349206349
Concepts Overall,0.3686868686868687,0.20977011494252873,0.2673992673992674
Forward References,0.0,0.0,
Backward References,0.1111111111111111,0.1,0.10526315789473685
References Overall,0.2,0.18181818181818182,0.1904761904761905
Overall Average,0.28434343434343434,0.19579414838035528,0.22893772893772896
