,precision,recall,f1
A Priori Concepts,0.31521739130434784,0.11284046692607004,0.16618911174785103
Emerging Concepts,0.08490566037735849,0.09574468085106383,0.09
Concepts Overall,0.3686868686868687,0.20977011494252873,0.2673992673992674
Forward References,0.16666666666666666,0.3333333333333333,0.2222222222222222
Backward References,0.15384615384615385,0.2,0.17391304347826086
References Overall,0.25,0.36363636363636365,0.2962962962962963
Overall Average,0.30934343434343436,0.2867032392894462,0.2818477818477818
