,precision,recall,f1
A Priori Concepts,0.3137254901960784,0.1245136186770428,0.17827298050139276
Emerging Concepts,0.08333333333333333,0.0851063829787234,0.08421052631578947
Concepts Overall,0.3686868686868687,0.20977011494252873,0.2673992673992674
Forward References,0.0,0.0,
Backward References,0.07142857142857142,0.1,0.08333333333333333
References Overall,0.125,0.18181818181818182,0.14814814814814814
Overall Average,0.24684343434343434,0.19579414838035528,0.20777370777370777
