,precision,recall,f1
A Priori Concepts,0.2523364485981308,0.10505836575875487,0.14835164835164832
Emerging Concepts,0.08791208791208792,0.0851063829787234,0.08648648648648649
Concepts Overall,0.3686868686868687,0.20977011494252873,0.2673992673992674
Forward References,0.0,0.0,
Backward References,0.07692307692307693,0.1,0.08695652173913043
References Overall,0.125,0.18181818181818182,0.14814814814814814
Overall Average,0.24684343434343434,0.19579414838035528,0.20777370777370777
