,precision,recall,f1
A Priori Concepts,0.28846153846153844,0.11673151750972763,0.16620498614958448
Emerging Concepts,0.09574468085106383,0.09574468085106383,0.09574468085106382
Concepts Overall,0.3686868686868687,0.20977011494252873,0.2673992673992674
Forward References,0.25,0.3333333333333333,0.28571428571428575
Backward References,0.2,0.2,0.20000000000000004
References Overall,0.2727272727272727,0.2727272727272727,0.2727272727272727
Overall Average,0.3207070707070707,0.24124869383490072,0.27006327006327
