,precision,recall,f1
A Priori Concepts,0.13777678371728921,0.10894941634241245,0.12167901234567903
Emerging Concepts,0.06525792417650715,0.06382978723404255,0.0645359557467732
Concepts Overall,0.19953093992422874,0.16091954022988506,0.17815721649484537
Forward References,0.0,0.0,0.0
Backward References,0.09448818897637795,0.1,0.09716599190283401
References Overall,0.22613065326633164,0.2727272727272727,0.24725274725274723
Overall Average,0.2128307965952802,0.2168234064785789,0.2127049818737963
