,precision,recall,f1
A Priori Concepts,0.27472527472527475,0.09727626459143969,0.14367816091954025
Emerging Concepts,0.08411214953271028,0.09574468085106383,0.08955223880597014
Concepts Overall,0.3686868686868687,0.20977011494252873,0.2673992673992674
Forward References,0.0,0.0,
Backward References,0.08333333333333333,0.1,0.0909090909090909
References Overall,0.14285714285714285,0.18181818181818182,0.16
Overall Average,0.25577200577200576,0.19579414838035528,0.21369963369963368
