,precision,recall,f1
A Priori Concepts,0.34545454545454546,0.07392996108949416,0.1217948717948718
Emerging Concepts,0.11188811188811189,0.1702127659574468,0.1350210970464135
Concepts Overall,0.3686868686868687,0.20977011494252873,0.2673992673992674
Forward References,0.1,0.3333333333333333,0.15384615384615383
Backward References,0.09090909090909091,0.2,0.12500000000000003
References Overall,0.15384615384615385,0.36363636363636365,0.21621621621621623
Overall Average,0.26126651126651124,0.2867032392894462,0.2418077418077418
