,precision,recall,f1
A Priori Concepts,0.3584905660377358,0.07392996108949416,0.12258064516129032
Emerging Concepts,0.1118421052631579,0.18085106382978725,0.13821138211382117
Concepts Overall,0.36097560975609755,0.21264367816091953,0.267631103074141
Forward References,0.1111111111111111,0.3333333333333333,0.16666666666666666
Backward References,0.14285714285714285,0.3,0.19354838709677416
References Overall,0.2,0.45454545454545453,0.2777777777777778
Overall Average,0.2804878048780488,0.333594566353187,0.2727044404259594
