,precision,recall,f1
A Priori Concepts,0.2524271844660194,0.10116731517509728,0.14444444444444446
Emerging Concepts,0.07368421052631578,0.07446808510638298,0.07407407407407406
Concepts Overall,0.3686868686868687,0.20977011494252873,0.2673992673992674
Forward References,0.0,0.0,
Backward References,0.07692307692307693,0.1,0.08695652173913043
References Overall,0.07142857142857142,0.09090909090909091,0.08
Overall Average,0.22005772005772006,0.15033960292580983,0.1736996336996337
