,precision,recall,f1
A Priori Concepts,0.27586206896551724,0.0933852140077821,0.13953488372093023
Emerging Concepts,0.08108108108108109,0.09574468085106383,0.0878048780487805
Concepts Overall,0.3686868686868687,0.20977011494252873,0.2673992673992674
Forward References,0.2,0.3333333333333333,0.25
Backward References,0.11764705882352941,0.2,0.14814814814814817
References Overall,0.16666666666666666,0.2727272727272727,0.20689655172413793
Overall Average,0.2676767676767677,0.24124869383490072,0.23714790956170267
