,precision,recall,f1
A Priori Concepts,0.2608695652173913,0.0933852140077821,0.13753581661891118
Emerging Concepts,0.08490566037735849,0.09574468085106383,0.09
Concepts Overall,0.3686868686868687,0.20977011494252873,0.2673992673992674
Forward References,0.14285714285714285,0.3333333333333333,0.2
Backward References,0.07692307692307693,0.1,0.08695652173913043
References Overall,0.1875,0.2727272727272727,0.2222222222222222
Overall Average,0.27809343434343436,0.24124869383490072,0.2448107448107448
