,precision,recall,f1
A Priori Concepts,0.34444444444444444,0.12062256809338522,0.1786743515850144
Emerging Concepts,0.08333333333333333,0.09574468085106383,0.08910891089108909
Concepts Overall,0.3686868686868687,0.20977011494252873,0.2673992673992674
Forward References,0.0,0.0,
Backward References,0.058823529411764705,0.1,0.07407407407407408
References Overall,0.1,0.18181818181818182,0.12903225806451613
Overall Average,0.23434343434343435,0.19579414838035528,0.19821576273189176
