,precision,recall,f1
A Priori Concepts,0.2268041237113402,0.08560311284046693,0.12429378531073447
Emerging Concepts,0.09900990099009901,0.10638297872340426,0.10256410256410255
Concepts Overall,0.3686868686868687,0.20977011494252873,0.2673992673992674
Forward References,0.2,0.3333333333333333,0.25
Backward References,0.125,0.2,0.15384615384615385
References Overall,0.16666666666666666,0.2727272727272727,0.20689655172413793
Overall Average,0.2676767676767677,0.24124869383490072,0.23714790956170267
