,precision,recall,f1
A Priori Concepts,0.2719298245614035,0.12062256809338522,0.16711590296495957
Emerging Concepts,0.05952380952380952,0.05319148936170213,0.056179775280898875
Concepts Overall,0.3686868686868687,0.20977011494252873,0.2673992673992674
Forward References,0.0,0.0,
Backward References,0.18181818181818182,0.2,0.1904761904761905
References Overall,0.16666666666666666,0.18181818181818182,0.17391304347826086
Overall Average,0.2676767676767677,0.19579414838035528,0.22065615543876413
