,precision,recall,f1
A Priori Concepts,0.3069306930693069,0.12062256809338522,0.17318435754189943
Emerging Concepts,0.12371134020618557,0.1276595744680851,0.12565445026178013
Concepts Overall,0.3686868686868687,0.20977011494252873,0.2673992673992674
Forward References,0.25,0.3333333333333333,0.28571428571428575
Backward References,0.15384615384615385,0.2,0.17391304347826086
References Overall,0.2,0.2727272727272727,0.23076923076923075
Overall Average,0.28434343434343434,0.24124869383490072,0.2490842490842491
