,precision,recall,f1
A Priori Concepts,0.24528301886792453,0.10116731517509728,0.14325068870523416
Emerging Concepts,0.10869565217391304,0.10638297872340426,0.10752688172043011
Concepts Overall,0.3686868686868687,0.20977011494252873,0.2673992673992674
Forward References,0.0,0.0,
Backward References,0.18181818181818182,0.2,0.1904761904761905
References Overall,0.16666666666666666,0.18181818181818182,0.17391304347826086
Overall Average,0.2676767676767677,0.19579414838035528,0.22065615543876413
