,precision,recall,f1
A Priori Concepts,0.2905982905982906,0.13229571984435798,0.1818181818181818
Emerging Concepts,0.125,0.05319148936170213,0.0746268656716418
Concepts Overall,0.35668789808917195,0.16091954022988506,0.22178217821782178
Forward References,0.2222222222222222,0.6666666666666666,0.3333333333333333
Backward References,0.29411764705882354,0.5,0.37037037037037035
References Overall,0.2857142857142857,0.5454545454545454,0.37499999999999994
Overall Average,0.32120109190172885,0.35318704284221525,0.2983910891089109
