,precision,recall,f1
A Priori Concepts,0.2727272727272727,0.10505836575875487,0.15168539325842695
Emerging Concepts,0.1414141414141414,0.14893617021276595,0.14507772020725387
Concepts Overall,0.3686868686868687,0.20977011494252873,0.2673992673992674
Forward References,0.2,0.3333333333333333,0.25
Backward References,0.18181818181818182,0.2,0.1904761904761905
References Overall,0.2857142857142857,0.36363636363636365,0.32
Overall Average,0.32720057720057716,0.2867032392894462,0.2936996336996337
