,precision,recall,f1
A Priori Concepts,0.24210526315789474,0.08949416342412451,0.1306818181818182
Emerging Concepts,0.06796116504854369,0.07446808510638298,0.07106598984771574
Concepts Overall,0.3686868686868687,0.20977011494252873,0.2673992673992674
Forward References,0.0,0.0,
Backward References,0.058823529411764705,0.1,0.07407407407407408
References Overall,0.1111111111111111,0.18181818181818182,0.13793103448275862
Overall Average,0.2398989898989899,0.19579414838035528,0.202665150941013
