,precision,recall,f1
A Priori Concepts,0.24181604919256425,0.2529182879377432,0.2472425969558028
Emerging Concepts,0.25258284727852903,0.30851063829787234,0.27775940174013086
Concepts Overall,0.40615191462649086,0.5,0.4482161413231728
Forward References,0.25311203319502074,0.3333333333333333,0.28773584905660377
Backward References,0.29312581063553833,0.4,0.33832335329341323
References Overall,0.3616622987645076,0.5454545454545454,0.434939216569113
Overall Average,0.3839071066954992,0.5227272727272727,0.44157767894614286
