,precision,recall,f1
A Priori Concepts,0.23479941496030088,0.24124513618677043,0.2379786375127394
Emerging Concepts,0.26532569346215623,0.32978723404255317,0.29406528584144864
Concepts Overall,0.40615191462649086,0.5,0.4482161413231728
Forward References,0.25311203319502074,0.3333333333333333,0.28773584905660377
Backward References,0.29312581063553833,0.4,0.33832335329341323
References Overall,0.3616622987645076,0.5454545454545454,0.434939216569113
Overall Average,0.3839071066954992,0.5227272727272727,0.44157767894614286
