,precision,recall,f1
A Priori Concepts,0.22950819672131148,0.10894941634241245,0.1477572559366755
Emerging Concepts,0.09683426443202979,0.5531914893617021,0.16481774960380347
Concepts Overall,0.26858877086494687,0.5086206896551724,0.3515392254220457
Forward References,0.01818181818181818,0.6666666666666666,0.035398230088495575
Backward References,0.043478260869565216,0.5,0.08
References Overall,0.033816425120772944,0.6363636363636364,0.06422018348623852
Overall Average,0.1512025979928599,0.5724921630094044,0.2078797044541421
