,precision,recall,f1
A Priori Concepts,0.24444444444444444,0.12840466926070038,0.16836734693877548
Emerging Concepts,0.09923664122137404,0.5531914893617021,0.16828478964401297
Concepts Overall,0.26858877086494687,0.5086206896551724,0.3515392254220457
Forward References,0.018867924528301886,0.6666666666666666,0.03669724770642202
Backward References,0.045454545454545456,0.5,0.08333333333333334
References Overall,0.035,0.6363636363636364,0.06635071090047394
Overall Average,0.15179438543247342,0.5724921630094044,0.20894496816125982
