,precision,recall,f1
A Priori Concepts,0.19877675840978593,0.2529182879377432,0.2226027397260274
Emerging Concepts,0.08,0.2765957446808511,0.12410501193317422
Concepts Overall,0.2714723926380368,0.5086206896551724,0.354
Forward References,0.016129032258064516,0.3333333333333333,0.03076923076923077
Backward References,0.07936507936507936,0.5,0.13698630136986303
References Overall,0.05042016806722689,0.5454545454545454,0.09230769230769231
Overall Average,0.16094628035263184,0.5270376175548589,0.22315384615384615
