,precision,recall,f1
A Priori Concepts,0.16568047337278108,0.2178988326848249,0.18823529411764708
Emerging Concepts,0.07006369426751592,0.23404255319148937,0.10784313725490197
Concepts Overall,0.2714723926380368,0.5086206896551724,0.354
Forward References,0.0,0.0,
Backward References,0.017857142857142856,0.1,0.030303030303030304
References Overall,0.00909090909090909,0.09090909090909091,0.016528925619834708
Overall Average,0.14028165086447295,0.29976489028213166,0.18526446280991735
