,precision,recall,f1
A Priori Concepts,0.23076923076923078,0.2918287937743191,0.2577319587628866
Emerging Concepts,0.07951070336391437,0.2765957446808511,0.12351543942992875
Concepts Overall,0.2714723926380368,0.5086206896551724,0.354
Forward References,0.01639344262295082,0.3333333333333333,0.03125
Backward References,0.03225806451612903,0.2,0.05555555555555555
References Overall,0.02608695652173913,0.2727272727272727,0.04761904761904761
Overall Average,0.14877967457988797,0.39067398119122254,0.2008095238095238
