,precision,recall,f1
A Priori Concepts,0.1893491124260355,0.2490272373540856,0.21512605042016808
Emerging Concepts,0.08280254777070063,0.2765957446808511,0.12745098039215685
Concepts Overall,0.2714723926380368,0.5086206896551724,0.354
Forward References,0.016666666666666666,0.3333333333333333,0.031746031746031744
Backward References,0.05555555555555555,0.3,0.09375000000000001
References Overall,0.03773584905660377,0.36363636363636365,0.06837606837606837
Overall Average,0.15460412084732028,0.436128526645768,0.21118803418803417
