,precision,recall,f1
A Priori Concepts,0.19435736677115986,0.24124513618677043,0.21527777777777776
Emerging Concepts,0.09009009009009009,0.3191489361702128,0.14051522248243561
Concepts Overall,0.2714723926380368,0.5086206896551724,0.354
Forward References,0.015151515151515152,0.3333333333333333,0.028985507246376812
Backward References,0.046153846153846156,0.3,0.08
References Overall,0.03305785123966942,0.36363636363636365,0.06060606060606061
Overall Average,0.1522651219388531,0.436128526645768,0.2073030303030303
