,precision,recall,f1
A Priori Concepts,0.19345238095238096,0.2529182879377432,0.21922428330522767
Emerging Concepts,0.06645569620253164,0.22340425531914893,0.10243902439024391
Concepts Overall,0.2714723926380368,0.5086206896551724,0.354
Forward References,0.0136986301369863,0.3333333333333333,0.02631578947368421
Backward References,0.06382978723404255,0.3,0.10526315789473684
References Overall,0.03669724770642202,0.36363636363636365,0.06666666666666667
Overall Average,0.1540848201722294,0.436128526645768,0.21033333333333332
