,precision,recall,f1
A Priori Concepts,0.18154761904761904,0.23735408560311283,0.20573355817875214
Emerging Concepts,0.06962025316455696,0.23404255319148937,0.1073170731707317
Concepts Overall,0.2714723926380368,0.5086206896551724,0.354
Forward References,0.0,0.0,
Backward References,0.045454545454545456,0.3,0.07894736842105263
References Overall,0.02830188679245283,0.2727272727272727,0.05128205128205128
Overall Average,0.1498871397152448,0.39067398119122254,0.20264102564102562
