,precision,recall,f1
A Priori Concepts,0.19003115264797507,0.23735408560311283,0.2110726643598616
Emerging Concepts,0.09365558912386707,0.32978723404255317,0.14588235294117646
Concepts Overall,0.2714723926380368,0.5086206896551724,0.354
Forward References,0.015873015873015872,0.3333333333333333,0.030303030303030304
Backward References,0.07462686567164178,0.5,0.12987012987012986
References Overall,0.043859649122807015,0.45454545454545453,0.08
Overall Average,0.15766602088042192,0.4815830721003135,0.217
