,precision,recall,f1
A Priori Concepts,0.18012422360248448,0.22568093385214008,0.2003454231433506
Emerging Concepts,0.09090909090909091,0.3191489361702128,0.14150943396226415
Concepts Overall,0.2714723926380368,0.5086206896551724,0.354
Forward References,0.014084507042253521,0.3333333333333333,0.027027027027027032
Backward References,0.05555555555555555,0.4,0.09756097560975609
References Overall,0.03076923076923077,0.36363636363636365,0.056737588652482275
Overall Average,0.15112081170363378,0.436128526645768,0.20536879432624114
