,precision,recall,f1
A Priori Concepts,0.2,0.26459143968871596,0.22780569514237858
Emerging Concepts,0.10897435897435898,0.3617021276595745,0.16748768472906403
Concepts Overall,0.2714723926380368,0.5086206896551724,0.354
Forward References,0.016129032258064516,0.3333333333333333,0.03076923076923077
Backward References,0.047619047619047616,0.3,0.0821917808219178
References Overall,0.02631578947368421,0.2727272727272727,0.048
Overall Average,0.1488940910558605,0.39067398119122254,0.20099999999999998
