,precision,recall,f1
A Priori Concepts,0.19741100323624594,0.23735408560311283,0.215547703180212
Emerging Concepts,0.08454810495626822,0.30851063829787234,0.13272311212814644
Concepts Overall,0.2714723926380368,0.5086206896551724,0.354
Forward References,0.015384615384615385,0.3333333333333333,0.029411764705882356
Backward References,0.03278688524590164,0.2,0.056338028169014086
References Overall,0.02631578947368421,0.2727272727272727,0.048
Overall Average,0.1488940910558605,0.39067398119122254,0.20099999999999998
