,precision,recall,f1
A Priori Concepts,0.2012779552715655,0.245136186770428,0.2210526315789474
Emerging Concepts,0.09144542772861357,0.32978723404255317,0.14318706697459582
Concepts Overall,0.2714723926380368,0.5086206896551724,0.354
Forward References,0.0136986301369863,0.3333333333333333,0.02631578947368421
Backward References,0.056338028169014086,0.4,0.09876543209876544
References Overall,0.03007518796992481,0.36363636363636365,0.05555555555555555
Overall Average,0.1507737903039808,0.436128526645768,0.20477777777777778
