,precision,recall,f1
A Priori Concepts,0.2,0.25680933852140075,0.22487223168654175
Emerging Concepts,0.07453416149068323,0.2553191489361702,0.11538461538461539
Concepts Overall,0.2714723926380368,0.5086206896551724,0.354
Forward References,0.015384615384615385,0.3333333333333333,0.029411764705882356
Backward References,0.018518518518518517,0.1,0.03125
References Overall,0.00909090909090909,0.09090909090909091,0.016528925619834708
Overall Average,0.14028165086447295,0.29976489028213166,0.18526446280991735
