,precision,recall,f1
A Priori Concepts,0.18421052631578946,0.2178988326848249,0.1996434937611408
Emerging Concepts,0.07758620689655173,0.2872340425531915,0.12217194570135748
Concepts Overall,0.2714723926380368,0.5086206896551724,0.354
Forward References,0.015384615384615385,0.3333333333333333,0.029411764705882356
Backward References,0.03125,0.2,0.05405405405405406
References Overall,0.01694915254237288,0.18181818181818182,0.031007751937984496
Overall Average,0.14421077259020484,0.3452194357366771,0.19250387596899224
