,precision,recall,f1
A Priori Concepts,0.17391304347826086,0.2178988326848249,0.1934369602763385
Emerging Concepts,0.08181818181818182,0.2872340425531915,0.12735849056603776
Concepts Overall,0.2714723926380368,0.5086206896551724,0.354
Forward References,0.029850746268656716,0.6666666666666666,0.05714285714285715
Backward References,0.046153846153846156,0.3,0.08
References Overall,0.04132231404958678,0.45454545454545453,0.07575757575757575
Overall Average,0.15639735334381177,0.4815830721003135,0.21487878787878786
