,precision,recall,f1
A Priori Concepts,0.16987179487179488,0.20622568093385213,0.18629173989455186
Emerging Concepts,0.08235294117647059,0.2978723404255319,0.12903225806451613
Concepts Overall,0.2714723926380368,0.5086206896551724,0.354
Forward References,0.015151515151515152,0.3333333333333333,0.028985507246376812
Backward References,0.03333333333333333,0.2,0.05714285714285715
References Overall,0.03418803418803419,0.36363636363636365,0.06250000000000001
Overall Average,0.1528302134130355,0.436128526645768,0.20825
