,precision,recall,f1
A Priori Concepts,0.20754716981132076,0.25680933852140075,0.22956521739130434
Emerging Concepts,0.0748502994011976,0.26595744680851063,0.11682242990654204
Concepts Overall,0.2714723926380368,0.5086206896551724,0.354
Forward References,0.015873015873015872,0.3333333333333333,0.030303030303030304
Backward References,0.04918032786885246,0.3,0.08450704225352113
References Overall,0.02608695652173913,0.2727272727272727,0.04761904761904761
Overall Average,0.14877967457988797,0.39067398119122254,0.2008095238095238
