,precision,recall,f1
A Priori Concepts,0.19474835886214442,0.3463035019455253,0.24929971988795518
Emerging Concepts,0.10416666666666667,0.2127659574468085,0.13986013986013987
Concepts Overall,0.2696456086286595,0.5028735632183908,0.3510531594784353
Forward References,0.016,0.6666666666666666,0.03125
Backward References,0.04032258064516129,0.5,0.0746268656716418
References Overall,0.03017241379310345,0.6363636363636364,0.05761316872427984
Overall Average,0.14990901121088146,0.5696185997910136,0.20433316410135757
