,precision,recall,f1
A Priori Concepts,0.17771084337349397,0.22957198443579765,0.200339558573854
Emerging Concepts,0.096875,0.32978723404255317,0.1497584541062802
Concepts Overall,0.2714723926380368,0.5086206896551724,0.354
Forward References,0.017543859649122806,0.3333333333333333,0.03333333333333333
Backward References,0.046875,0.3,0.08108108108108107
References Overall,0.02727272727272727,0.2727272727272727,0.04958677685950413
Overall Average,0.14937255995538204,0.39067398119122254,0.20179338842975206
