,precision,recall,f1
A Priori Concepts,0.18944099378881987,0.23735408560311283,0.21070811744386872
Emerging Concepts,0.09090909090909091,0.3191489361702128,0.14150943396226415
Concepts Overall,0.2714723926380368,0.5086206896551724,0.354
Forward References,0.015625,0.3333333333333333,0.029850746268656716
Backward References,0.046153846153846156,0.3,0.08
References Overall,0.04201680672268908,0.45454545454545453,0.07692307692307693
Overall Average,0.15674459968036294,0.4815830721003135,0.21546153846153845
