,precision,recall,f1
A Priori Concepts,0.1791044776119403,0.23346303501945526,0.2027027027027027
Emerging Concepts,0.10725552050473186,0.3617021276595745,0.1654501216545012
Concepts Overall,0.2714723926380368,0.5086206896551724,0.354
Forward References,0.017543859649122806,0.3333333333333333,0.03333333333333333
Backward References,0.08196721311475409,0.5,0.14084507042253522
References Overall,0.05454545454545454,0.5454545454545454,0.09917355371900825
Overall Average,0.16300892359174568,0.5270376175548589,0.22658677685950412
