,precision,recall,f1
A Priori Concepts,0.19881305637982197,0.2607003891050584,0.2255892255892256
Emerging Concepts,0.06666666666666667,0.22340425531914893,0.10268948655256724
Concepts Overall,0.2714723926380368,0.5086206896551724,0.354
Forward References,0.01694915254237288,0.3333333333333333,0.03225806451612903
Backward References,0.0,0.0,
References Overall,0.008928571428571428,0.09090909090909091,0.016260162601626015
Overall Average,0.14020048203330412,0.29976489028213166,0.185130081300813
