,precision,recall,f1
A Priori Concepts,0.1895424836601307,0.22568093385214008,0.2060390763765542
Emerging Concepts,0.0953757225433526,0.35106382978723405,0.15
Concepts Overall,0.2714723926380368,0.5086206896551724,0.354
Forward References,0.028985507246376812,0.6666666666666666,0.05555555555555555
Backward References,0.05333333333333334,0.4,0.09411764705882353
References Overall,0.04477611940298507,0.5454545454545454,0.08275862068965516
Overall Average,0.15812425602051094,0.5270376175548589,0.21837931034482758
