,precision,recall,f1
A Priori Concepts,0.1939655172413793,0.35019455252918286,0.24965325936199723
Emerging Concepts,0.09580838323353294,0.1702127659574468,0.12260536398467432
Concepts Overall,0.2757527733755943,0.5,0.355464759959142
Forward References,0.016,0.6666666666666666,0.03125
Backward References,0.04032258064516129,0.5,0.0746268656716418
References Overall,0.03017241379310345,0.6363636363636364,0.05761316872427984
Overall Average,0.15296259358434885,0.5681818181818181,0.20653896434171093
