,precision,recall,f1
A Priori Concepts,0.2012012012012012,0.2607003891050584,0.22711864406779664
Emerging Concepts,0.09090909090909091,0.30851063829787234,0.1404358353510896
Concepts Overall,0.2714723926380368,0.5086206896551724,0.354
Forward References,0.03571428571428571,0.6666666666666666,0.06779661016949153
Backward References,0.046153846153846156,0.3,0.08
References Overall,0.03571428571428571,0.36363636363636365,0.06504065040650406
Overall Average,0.15359333917616125,0.436128526645768,0.20952032520325203
