,precision,recall,f1
A Priori Concepts,0.20388349514563106,0.245136186770428,0.2226148409893993
Emerging Concepts,0.08163265306122448,0.2978723404255319,0.12814645308924486
Concepts Overall,0.2714723926380368,0.5086206896551724,0.354
Forward References,0.03125,0.6666666666666666,0.05970149253731343
Backward References,0.06153846153846154,0.4,0.10666666666666667
References Overall,0.05042016806722689,0.5454545454545454,0.09230769230769231
Overall Average,0.16094628035263184,0.5270376175548589,0.22315384615384615
