,precision,recall,f1
A Priori Concepts,0.17665615141955837,0.2178988326848249,0.1951219512195122
Emerging Concepts,0.08358208955223881,0.2978723404255319,0.13053613053613056
Concepts Overall,0.2714723926380368,0.5086206896551724,0.354
Forward References,0.01694915254237288,0.3333333333333333,0.03225806451612903
Backward References,0.04285714285714286,0.3,0.075
References Overall,0.03508771929824561,0.36363636363636365,0.064
Overall Average,0.1532800559681412,0.436128526645768,0.209
