,precision,recall,f1
A Priori Concepts,0.17682926829268292,0.22568093385214008,0.19829059829059828
Emerging Concepts,0.07407407407407407,0.2553191489361702,0.11483253588516745
Concepts Overall,0.2714723926380368,0.5086206896551724,0.354
Forward References,0.0,0.0,
Backward References,0.016666666666666666,0.1,0.028571428571428574
References Overall,0.018018018018018018,0.18181818181818182,0.03278688524590164
Overall Average,0.1447452053280274,0.3452194357366771,0.1933934426229508
