,precision,recall,f1
A Priori Concepts,0.19130434782608696,0.25680933852140075,0.21926910299003322
Emerging Concepts,0.06514657980456026,0.2127659574468085,0.09975062344139651
Concepts Overall,0.2714723926380368,0.5086206896551724,0.354
Forward References,0.01818181818181818,0.3333333333333333,0.034482758620689655
Backward References,0.05357142857142857,0.3,0.09090909090909091
References Overall,0.038834951456310676,0.36363636363636365,0.07017543859649122
Overall Average,0.15515367204717373,0.436128526645768,0.2120877192982456
