,precision,recall,f1
A Priori Concepts,0.1875,0.23346303501945526,0.20797227036395147
Emerging Concepts,0.06626506024096386,0.23404255319148937,0.10328638497652583
Concepts Overall,0.2714723926380368,0.5086206896551724,0.354
Forward References,0.017543859649122806,0.3333333333333333,0.03333333333333333
Backward References,0.058823529411764705,0.4,0.10256410256410256
References Overall,0.03508771929824561,0.36363636363636365,0.064
Overall Average,0.1532800559681412,0.436128526645768,0.209
