,precision,recall,f1
A Priori Concepts,0.2232039060683562,0.23346303501945526,0.22821823368596217
Emerging Concepts,0.23843474033865347,0.2872340425531915,0.2605693036433663
Concepts Overall,0.40615191462649086,0.5,0.4482161413231728
Forward References,0.25311203319502074,0.3333333333333333,0.28773584905660377
Backward References,0.29312581063553833,0.4,0.33832335329341323
References Overall,0.3616622987645076,0.5454545454545454,0.434939216569113
Overall Average,0.3839071066954992,0.5227272727272727,0.44157767894614286
