,precision,recall,f1
A Priori Concepts,0.21153846153846154,0.25680933852140075,0.23198594024604566
Emerging Concepts,0.07647058823529412,0.2765957446808511,0.11981566820276499
Concepts Overall,0.2714723926380368,0.5086206896551724,0.354
Forward References,0.0,0.0,
Backward References,0.047619047619047616,0.3,0.0821917808219178
References Overall,0.034482758620689655,0.36363636363636365,0.06299212598425197
Overall Average,0.15297757562936323,0.436128526645768,0.20849606299212597
