,precision,recall,f1
A Priori Concepts,0.360838808945489,0.4591439688715953,0.4040986404694688
Emerging Concepts,0.05870165745856354,0.05319148936170213,0.055810899540380834
Concepts Overall,0.4055069619856794,0.5028735632183908,0.4489720447007432
Forward References,0.25311203319502074,0.3333333333333333,0.28773584905660377
Backward References,0.29312581063553833,0.4,0.33832335329341323
References Overall,0.3616622987645076,0.5454545454545454,0.434939216569113
Overall Average,0.3835846303750935,0.5241640543364681,0.4419556306349281
