,precision,recall,f1
A Priori Concepts,0.17341040462427745,0.23346303501945526,0.19900497512437812
Emerging Concepts,0.06930693069306931,0.22340425531914893,0.1057934508816121
Concepts Overall,0.2696456086286595,0.5028735632183908,0.3510531594784353
Forward References,0.016,0.6666666666666666,0.03125
Backward References,0.04032258064516129,0.5,0.0746268656716418
References Overall,0.03017241379310345,0.6363636363636364,0.05761316872427984
Overall Average,0.14990901121088146,0.5696185997910136,0.20433316410135757
