,precision,recall,f1
A Priori Concepts,0.19571865443425077,0.2490272373540856,0.21917808219178087
Emerging Concepts,0.09538461538461539,0.32978723404255317,0.14797136038186157
Concepts Overall,0.2714723926380368,0.5086206896551724,0.354
Forward References,0.015873015873015872,0.3333333333333333,0.030303030303030304
Backward References,0.03225806451612903,0.2,0.05555555555555555
References Overall,0.026785714285714284,0.2727272727272727,0.048780487804878044
Overall Average,0.14912905346187555,0.39067398119122254,0.201390243902439
