,precision,recall,f1
A Priori Concepts,0.20388349514563106,0.245136186770428,0.2226148409893993
Emerging Concepts,0.08454810495626822,0.30851063829787234,0.13272311212814644
Concepts Overall,0.2714723926380368,0.5086206896551724,0.354
Forward References,0.014084507042253521,0.3333333333333333,0.027027027027027032
Backward References,0.045454545454545456,0.3,0.07894736842105263
References Overall,0.0390625,0.45454545454545453,0.07194244604316546
Overall Average,0.1552674463190184,0.4815830721003135,0.21297122302158272
