,precision,recall,f1
A Priori Concepts,0.2,0.245136186770428,0.2202797202797203
Emerging Concepts,0.08605341246290801,0.30851063829787234,0.1345707656612529
Concepts Overall,0.2714723926380368,0.5086206896551724,0.354
Forward References,0.031746031746031744,0.6666666666666666,0.06060606060606061
Backward References,0.04285714285714286,0.3,0.075
References Overall,0.034482758620689655,0.36363636363636365,0.06299212598425197
Overall Average,0.15297757562936323,0.436128526645768,0.20849606299212597
