,precision,recall,f1
A Priori Concepts,0.20064724919093851,0.24124513618677043,0.21908127208480568
Emerging Concepts,0.0728862973760933,0.26595744680851063,0.11441647597254005
Concepts Overall,0.2714723926380368,0.5086206896551724,0.354
Forward References,0.02702702702702703,0.6666666666666666,0.051948051948051945
Backward References,0.03333333333333333,0.2,0.05714285714285715
References Overall,0.024,0.2727272727272727,0.044117647058823525
Overall Average,0.1477361963190184,0.39067398119122254,0.19905882352941176
