,precision,recall,f1
A Priori Concepts,0.2556390977443609,0.13229571984435798,0.17435897435897438
Emerging Concepts,0.09633911368015415,0.5319148936170213,0.16313213703099513
Concepts Overall,0.2714723926380368,0.5086206896551724,0.354
Forward References,0.018691588785046728,0.6666666666666666,0.03636363636363636
Backward References,0.036036036036036036,0.4,0.06611570247933883
References Overall,0.029556650246305417,0.5454545454545454,0.05607476635514018
Overall Average,0.15051452144217112,0.5270376175548589,0.2050373831775701
