,precision,recall,f1
A Priori Concepts,0.19584569732937684,0.25680933852140075,0.2222222222222222
Emerging Concepts,0.0761904761904762,0.2553191489361702,0.117359413202934
Concepts Overall,0.2714723926380368,0.5086206896551724,0.354
Forward References,0.03278688524590164,0.6666666666666666,0.0625
Backward References,0.046875,0.3,0.08108108108108107
References Overall,0.043478260869565216,0.45454545454545453,0.07936507936507936
Overall Average,0.157475326753801,0.4815830721003135,0.21668253968253967
