,precision,recall,f1
A Priori Concepts,0.21232876712328766,0.24124513618677043,0.22586520947176686
Emerging Concepts,0.08333333333333333,0.3191489361702128,0.13215859030837004
Concepts Overall,0.2714723926380368,0.5086206896551724,0.354
Forward References,0.0,0.0,
Backward References,0.04477611940298507,0.3,0.0779220779220779
References Overall,0.02564102564102564,0.2727272727272727,0.04687499999999999
Overall Average,0.14855670913953123,0.39067398119122254,0.2004375
