,precision,recall,f1
A Priori Concepts,0.1956521739130435,0.245136186770428,0.21761658031088085
Emerging Concepts,0.06363636363636363,0.22340425531914893,0.09905660377358488
Concepts Overall,0.2714723926380368,0.5086206896551724,0.354
Forward References,0.031746031746031744,0.6666666666666666,0.06060606060606061
Backward References,0.018867924528301886,0.1,0.031746031746031744
References Overall,0.018518518518518517,0.18181818181818182,0.03361344537815126
Overall Average,0.14499545557827764,0.3452194357366771,0.19380672268907562
