,precision,recall,f1
A Priori Concepts,0.21981424148606812,0.27626459143968873,0.24482758620689657
Emerging Concepts,0.10030395136778116,0.35106382978723405,0.15602836879432624
Concepts Overall,0.2714723926380368,0.5086206896551724,0.354
Forward References,0.015625,0.3333333333333333,0.029850746268656716
Backward References,0.06153846153846154,0.4,0.10666666666666667
References Overall,0.03333333333333333,0.36363636363636365,0.061068702290076333
Overall Average,0.15240286298568506,0.436128526645768,0.20753435114503815
