,precision,recall,f1
A Priori Concepts,0.17664670658682635,0.22957198443579765,0.1996615905245347
Emerging Concepts,0.08490566037735849,0.2872340425531915,0.13106796116504854
Concepts Overall,0.2714723926380368,0.5086206896551724,0.354
Forward References,0.016129032258064516,0.3333333333333333,0.03076923076923077
Backward References,0.0625,0.4,0.10810810810810811
References Overall,0.04310344827586207,0.45454545454545453,0.07874015748031497
Overall Average,0.15728792045694945,0.4815830721003135,0.21637007874015748
