,precision,recall,f1
A Priori Concepts,0.20743034055727555,0.2607003891050584,0.2310344827586207
Emerging Concepts,0.0972644376899696,0.3404255319148936,0.15130023640661935
Concepts Overall,0.2714723926380368,0.5086206896551724,0.354
Forward References,0.014285714285714285,0.3333333333333333,0.0273972602739726
Backward References,0.03389830508474576,0.2,0.05797101449275363
References Overall,0.024793388429752067,0.2727272727272727,0.04545454545454545
Overall Average,0.14813289053389445,0.39067398119122254,0.19972727272727273
