,precision,recall,f1
A Priori Concepts,0.16158536585365854,0.20622568093385213,0.1811965811965812
Emerging Concepts,0.09567901234567901,0.32978723404255317,0.14832535885167467
Concepts Overall,0.2714723926380368,0.5086206896551724,0.354
Forward References,0.03076923076923077,0.6666666666666666,0.05882352941176471
Backward References,0.05172413793103448,0.3,0.08823529411764706
References Overall,0.035398230088495575,0.36363636363636365,0.06451612903225806
Overall Average,0.15343531136326619,0.436128526645768,0.20925806451612902
