,precision,recall,f1
A Priori Concepts,0.21608040201005024,0.16731517509727625,0.18859649122807015
Emerging Concepts,0.06417112299465241,0.1276595744680851,0.08540925266903915
Concepts Overall,0.2616580310880829,0.29022988505747127,0.27520435967302453
Forward References,0.05405405405405406,0.6666666666666666,0.1
Backward References,0.07407407407407407,0.2,0.10810810810810811
References Overall,0.06896551724137931,0.36363636363636365,0.11594202898550723
Overall Average,0.16531177416473108,0.32693312434691746,0.1955731943292659
