,precision,recall,f1
A Priori Concepts,0.2247191011235955,0.23346303501945526,0.22900763358778628
Emerging Concepts,0.1092436974789916,0.13829787234042554,0.12206572769953052
Concepts Overall,0.2616580310880829,0.29022988505747127,0.27520435967302453
Forward References,0.027777777777777776,0.6666666666666666,0.05333333333333333
Backward References,0.06557377049180328,0.4,0.11267605633802817
References Overall,0.05737704918032787,0.6363636363636364,0.10526315789473685
Overall Average,0.15951754013420538,0.4632967607105538,0.19023375878388069
