,precision,recall,f1
A Priori Concepts,0.1702127659574468,0.1245136186770428,0.1438202247191011
Emerging Concepts,0.05555555555555555,0.11702127659574468,0.07534246575342465
Concepts Overall,0.2616580310880829,0.29022988505747127,0.27520435967302453
Forward References,0.025,0.3333333333333333,0.046511627906976744
Backward References,0.06451612903225806,0.2,0.0975609756097561
References Overall,0.06349206349206349,0.36363636363636365,0.1081081081081081
Overall Average,0.1625750472900732,0.32693312434691746,0.19165623389056632
