,precision,recall,f1
A Priori Concepts,0.18229166666666666,0.13618677042801555,0.15590200445434296
Emerging Concepts,0.05154639175257732,0.10638297872340426,0.06944444444444445
Concepts Overall,0.2616580310880829,0.29022988505747127,0.27520435967302453
Forward References,0.024390243902439025,0.3333333333333333,0.04545454545454545
Backward References,0.10714285714285714,0.3,0.15789473684210525
References Overall,0.0967741935483871,0.5454545454545454,0.1643835616438356
Overall Average,0.17921611231823498,0.41784221525600834,0.21979396065843007
