,precision,recall,f1
A Priori Concepts,0.14210526315789473,0.10505836575875487,0.12080536912751677
Emerging Concepts,0.061224489795918366,0.1276595744680851,0.08275862068965519
Concepts Overall,0.2616580310880829,0.29022988505747127,0.27520435967302453
Forward References,0.058823529411764705,0.6666666666666666,0.10810810810810811
Backward References,0.08571428571428572,0.3,0.13333333333333333
References Overall,0.06451612903225806,0.36363636363636365,0.1095890410958904
Overall Average,0.16308708006017048,0.32693312434691746,0.19239670038445747
