,precision,recall,f1
A Priori Concepts,0.1778846153846154,0.14396887159533073,0.15913978494623657
Emerging Concepts,0.056179775280898875,0.10638297872340426,0.07352941176470587
Concepts Overall,0.2616580310880829,0.29022988505747127,0.27520435967302453
Forward References,0.0,0.0,
Backward References,0.03333333333333333,0.1,0.05
References Overall,0.057692307692307696,0.2727272727272727,0.09523809523809523
Overall Average,0.1596751693901953,0.281478578892372,0.18522122745555988
