,precision,recall,f1
A Priori Concepts,0.24858757062146894,0.17120622568093385,0.20276497695852536
Emerging Concepts,0.08133971291866028,0.18085106382978725,0.1122112211221122
Concepts Overall,0.2616580310880829,0.29022988505747127,0.27520435967302453
Forward References,0.029411764705882353,0.3333333333333333,0.05405405405405406
Backward References,0.09090909090909091,0.3,0.13953488372093023
References Overall,0.07936507936507936,0.45454545454545453,0.13513513513513514
Overall Average,0.17051155522658112,0.3723876698014629,0.20516974740407984
