,precision,recall,f1
A Priori Concepts,0.3157894736842105,0.11673151750972763,0.17045454545454544
Emerging Concepts,0.0738255033557047,0.23404255319148937,0.11224489795918369
Concepts Overall,0.2595419847328244,0.29310344827586204,0.27530364372469635
Forward References,0.03278688524590164,0.6666666666666666,0.0625
Backward References,0.07692307692307693,0.4,0.12903225806451613
References Overall,0.06796116504854369,0.6363636363636364,0.12280701754385966
Overall Average,0.16375157489068404,0.46473354231974917,0.199055330634278
