,precision,recall,f1
A Priori Concepts,0.178743961352657,0.14396887159533073,0.15948275862068967
Emerging Concepts,0.05027932960893855,0.09574468085106383,0.06593406593406594
Concepts Overall,0.2616580310880829,0.29022988505747127,0.27520435967302453
Forward References,0.034482758620689655,0.3333333333333333,0.0625
Backward References,0.06060606060606061,0.2,0.0930232558139535
References Overall,0.03508771929824561,0.18181818181818182,0.058823529411764705
Overall Average,0.14837287519316425,0.23602403343782655,0.16701394454239463
