,precision,recall,f1
A Priori Concepts,0.2074468085106383,0.1517509727626459,0.1752808988764045
Emerging Concepts,0.05555555555555555,0.11702127659574468,0.07534246575342465
Concepts Overall,0.2616580310880829,0.29022988505747127,0.27520435967302453
Forward References,0.02564102564102564,0.3333333333333333,0.047619047619047616
Backward References,0.12,0.3,0.17142857142857143
References Overall,0.05263157894736842,0.2727272727272727,0.08823529411764705
Overall Average,0.15714480501772565,0.281478578892372,0.18171982689533578
