,precision,recall,f1
A Priori Concepts,0.19402985074626866,0.1517509727626459,0.17030567685589518
Emerging Concepts,0.0594059405940594,0.1276595744680851,0.08108108108108107
Concepts Overall,0.25806451612903225,0.2988505747126437,0.2769640479360852
Forward References,0.027777777777777776,0.6666666666666666,0.05333333333333333
Backward References,0.06557377049180328,0.4,0.11267605633802817
References Overall,0.05737704918032787,0.6363636363636364,0.10526315789473685
Overall Average,0.15772078265468006,0.46760710553814,0.19111360291541102
