,precision,recall,f1
A Priori Concepts,0.17616580310880828,0.13229571984435798,0.1511111111111111
Emerging Concepts,0.0380952380952381,0.0851063829787234,0.052631578947368425
Concepts Overall,0.25806451612903225,0.2988505747126437,0.2769640479360852
Forward References,0.027777777777777776,0.6666666666666666,0.05333333333333333
Backward References,0.06557377049180328,0.4,0.11267605633802817
References Overall,0.05737704918032787,0.6363636363636364,0.10526315789473685
Overall Average,0.15772078265468006,0.46760710553814,0.19111360291541102
