,precision,recall,f1
A Priori Concepts,0.2079207920792079,0.16342412451361868,0.1830065359477124
Emerging Concepts,0.03804347826086957,0.07446808510638298,0.050359712230215826
Concepts Overall,0.2616580310880829,0.29022988505747127,0.27520435967302453
Forward References,0.0,0.0,
Backward References,0.0,0.0,
References Overall,0.01818181818181818,0.09090909090909091,0.0303030303030303
Overall Average,0.13991992463495054,0.1905694879832811,0.1527536949880274
