,precision,recall,f1
A Priori Concepts,0.2222222222222222,0.17120622568093385,0.19340659340659339
Emerging Concepts,0.047872340425531915,0.09574468085106383,0.06382978723404255
Concepts Overall,0.2616580310880829,0.29022988505747127,0.27520435967302453
Forward References,0.029411764705882353,0.3333333333333333,0.05405405405405406
Backward References,0.038461538461538464,0.1,0.05555555555555555
References Overall,0.05172413793103448,0.2727272727272727,0.08695652173913043
Overall Average,0.15669108450955868,0.281478578892372,0.18108044070607748
