,precision,recall,f1
A Priori Concepts,0.21875,0.16342412451361868,0.1870824053452116
Emerging Concepts,0.05670103092783505,0.11702127659574468,0.0763888888888889
Concepts Overall,0.2616580310880829,0.29022988505747127,0.27520435967302453
Forward References,0.030303030303030304,0.3333333333333333,0.05555555555555555
Backward References,0.06451612903225806,0.2,0.0975609756097561
References Overall,0.05263157894736842,0.2727272727272727,0.08823529411764705
Overall Average,0.15714480501772565,0.281478578892372,0.18171982689533578
