,precision,recall,f1
A Priori Concepts,0.19791666666666666,0.14785992217898833,0.16926503340757237
Emerging Concepts,0.05154639175257732,0.10638297872340426,0.06944444444444445
Concepts Overall,0.2616580310880829,0.29022988505747127,0.27520435967302453
Forward References,0.0,0.0,
Backward References,0.06666666666666667,0.2,0.1
References Overall,0.04838709677419355,0.2727272727272727,0.0821917808219178
Overall Average,0.15502256393113822,0.281478578892372,0.17869807024747117
