,precision,recall,f1
A Priori Concepts,0.2097560975609756,0.16731517509727625,0.18614718614718614
Emerging Concepts,0.06077348066298342,0.11702127659574468,0.07999999999999999
Concepts Overall,0.2616580310880829,0.29022988505747127,0.27520435967302453
Forward References,0.03125,0.3333333333333333,0.05714285714285714
Backward References,0.14814814814814814,0.4,0.21621621621621623
References Overall,0.1111111111111111,0.5454545454545454,0.1846153846153846
Overall Average,0.186384571099597,0.41784221525600834,0.22990987214420455
