,precision,recall,f1
A Priori Concepts,0.18229166666666666,0.13618677042801555,0.15590200445434296
Emerging Concepts,0.04639175257731959,0.09574468085106383,0.0625
Concepts Overall,0.2616580310880829,0.29022988505747127,0.27520435967302453
Forward References,0.029411764705882353,0.3333333333333333,0.05405405405405406
Backward References,0.0,0.0,
References Overall,0.05357142857142857,0.2727272727272727,0.08955223880597014
Overall Average,0.15761472982975572,0.281478578892372,0.18237829923949733
