,precision,recall,f1
A Priori Concepts,0.2205128205128205,0.16731517509727625,0.1902654867256637
Emerging Concepts,0.08376963350785341,0.1702127659574468,0.11228070175438597
Concepts Overall,0.2616580310880829,0.29022988505747127,0.27520435967302453
Forward References,0.0,0.0,
Backward References,0.08333333333333333,0.2,0.11764705882352941
References Overall,0.057692307692307696,0.2727272727272727,0.09523809523809523
Overall Average,0.1596751693901953,0.281478578892372,0.18522122745555988
