,precision,recall,f1
A Priori Concepts,0.2328042328042328,0.17120622568093385,0.19730941704035876
Emerging Concepts,0.04568527918781726,0.09574468085106383,0.06185567010309278
Concepts Overall,0.2616580310880829,0.29022988505747127,0.27520435967302453
Forward References,0.027777777777777776,0.3333333333333333,0.05128205128205128
Backward References,0.09375,0.3,0.14285714285714285
References Overall,0.06666666666666667,0.36363636363636365,0.11267605633802817
Overall Average,0.16416234887737477,0.32693312434691746,0.19394020800552636
