,precision,recall,f1
A Priori Concepts,0.1837837837837838,0.13229571984435798,0.15384615384615388
Emerging Concepts,0.06965174129353234,0.14893617021276595,0.09491525423728812
Concepts Overall,0.2616580310880829,0.29022988505747127,0.27520435967302453
Forward References,0.0,0.0,
Backward References,0.06666666666666667,0.2,0.1
References Overall,0.04838709677419355,0.2727272727272727,0.0821917808219178
Overall Average,0.15502256393113822,0.281478578892372,0.17869807024747117
