,precision,recall,f1
A Priori Concepts,0.21354166666666666,0.15953307392996108,0.18262806236080179
Emerging Concepts,0.06701030927835051,0.13829787234042554,0.09027777777777778
Concepts Overall,0.2616580310880829,0.29022988505747127,0.27520435967302453
Forward References,0.029411764705882353,0.3333333333333333,0.05405405405405406
Backward References,0.10344827586206896,0.3,0.15384615384615385
References Overall,0.09090909090909091,0.45454545454545453,0.15151515151515152
Overall Average,0.17628356099858689,0.3723876698014629,0.21335975559408804
