,precision,recall,f1
A Priori Concepts,0.24873096446700507,0.19066147859922178,0.21585903083700442
Emerging Concepts,0.07936507936507936,0.1595744680851064,0.10600706713780918
Concepts Overall,0.2616580310880829,0.29022988505747127,0.27520435967302453
Forward References,0.027777777777777776,0.3333333333333333,0.05128205128205128
Backward References,0.08333333333333333,0.2,0.11764705882352941
References Overall,0.07017543859649122,0.36363636363636365,0.11764705882352941
Overall Average,0.16591673484228706,0.32693312434691746,0.19642570924827696
