,precision,recall,f1
A Priori Concepts,0.19170984455958548,0.14396887159533073,0.16444444444444445
Emerging Concepts,0.07772020725388601,0.1595744680851064,0.10452961672473868
Concepts Overall,0.2616580310880829,0.29022988505747127,0.27520435967302453
Forward References,0.02564102564102564,0.3333333333333333,0.047619047619047616
Backward References,0.0625,0.2,0.09523809523809523
References Overall,0.07692307692307693,0.45454545454545453,0.13157894736842107
Overall Average,0.1692905540055799,0.3723876698014629,0.2033916535207228
