,precision,recall,f1
A Priori Concepts,0.23655913978494625,0.17120622568093385,0.19864559819413094
Emerging Concepts,0.07,0.14893617021276595,0.09523809523809525
Concepts Overall,0.2616580310880829,0.29022988505747127,0.27520435967302453
Forward References,0.02857142857142857,0.3333333333333333,0.05263157894736842
Backward References,0.09375,0.3,0.14285714285714285
References Overall,0.08064516129032258,0.45454545454545453,0.136986301369863
Overall Average,0.17115159618920273,0.3723876698014629,0.20609533052144377
