,precision,recall,f1
A Priori Concepts,0.2735552763819096,0.3035019455252918,0.2877515623709495
Emerging Concepts,0.06178707224334601,0.05319148936170213,0.057167985927880395
Concepts Overall,0.29076086956521735,0.3074712643678161,0.2988826815642458
Forward References,0.2553191489361702,0.3333333333333333,0.2891566265060241
Backward References,0.3466135458167331,0.5,0.40941176470588236
References Overall,0.4040506329113924,0.6363636363636364,0.4942706720346858
Overall Average,0.34740575123830486,0.4719174503657262,0.3965766767994658
