,precision,recall,f1
A Priori Concepts,0.225,0.17509727626459143,0.19693654266958424
Emerging Concepts,0.08064516129032258,0.1595744680851064,0.10714285714285715
Concepts Overall,0.2616580310880829,0.29022988505747127,0.27520435967302453
Forward References,0.046511627906976744,0.6666666666666666,0.08695652173913045
Backward References,0.14814814814814814,0.4,0.21621621621621623
References Overall,0.09523809523809523,0.5454545454545454,0.16216216216216217
Overall Average,0.17844806316308906,0.41784221525600834,0.21868326091759335
