,precision,recall,f1
A Priori Concepts,0.18090452261306533,0.14007782101167315,0.15789473684210525
Emerging Concepts,0.0481283422459893,0.09574468085106383,0.06405693950177936
Concepts Overall,0.2616580310880829,0.29022988505747127,0.27520435967302453
Forward References,0.03125,0.3333333333333333,0.05714285714285714
Backward References,0.03571428571428571,0.1,0.05263157894736841
References Overall,0.05172413793103448,0.2727272727272727,0.08695652173913043
Overall Average,0.15669108450955868,0.281478578892372,0.18108044070607748
