,precision,recall,f1
A Priori Concepts,0.20812182741116753,0.15953307392996108,0.18061674008810574
Emerging Concepts,0.047619047619047616,0.09574468085106383,0.0636042402826855
Concepts Overall,0.2616580310880829,0.29022988505747127,0.27520435967302453
Forward References,0.05263157894736842,0.6666666666666666,0.09756097560975609
Backward References,0.03225806451612903,0.1,0.04878048780487805
References Overall,0.046153846153846156,0.2727272727272727,0.07894736842105263
Overall Average,0.15390593862096452,0.281478578892372,0.17707586404703857
