,precision,recall,f1
A Priori Concepts,0.19148936170212766,0.14007782101167315,0.16179775280898875
Emerging Concepts,0.050505050505050504,0.10638297872340426,0.0684931506849315
Concepts Overall,0.2616580310880829,0.29022988505747127,0.27520435967302453
Forward References,0.05263157894736842,0.6666666666666666,0.09756097560975609
Backward References,0.029411764705882353,0.1,0.04545454545454545
References Overall,0.046153846153846156,0.2727272727272727,0.07894736842105263
Overall Average,0.15390593862096452,0.281478578892372,0.17707586404703857
