,precision,recall,f1
A Priori Concepts,0.3333333333333333,0.12840466926070038,0.18539325842696627
Emerging Concepts,0.07482993197278912,0.23404255319148937,0.1134020618556701
Concepts Overall,0.2595419847328244,0.29310344827586204,0.27530364372469635
Forward References,0.03225806451612903,0.6666666666666666,0.06153846153846154
Backward References,0.0784313725490196,0.4,0.13114754098360654
References Overall,0.06796116504854369,0.6363636363636364,0.12280701754385966
Overall Average,0.16375157489068404,0.46473354231974917,0.199055330634278
