,precision,recall,f1
A Priori Concepts,0.2185792349726776,0.1556420233463035,0.1818181818181818
Emerging Concepts,0.06896551724137931,0.14893617021276595,0.09427609427609428
Concepts Overall,0.2616580310880829,0.29022988505747127,0.27520435967302453
Forward References,0.0,0.0,
Backward References,0.09090909090909091,0.3,0.13953488372093023
References Overall,0.08196721311475409,0.45454545454545453,0.13888888888888887
Overall Average,0.17181262210141848,0.3723876698014629,0.20704662428095671
