,precision,recall,f1
A Priori Concepts,0.16609309551434584,0.15953307392996108,0.16274700606013895
Emerging Concepts,0.08135727750768926,0.0851063829787234,0.08318961144364412
Concepts Overall,0.2857601283594064,0.2988505747126437,0.29215879265091865
Forward References,0.2553191489361702,0.3333333333333333,0.2891566265060241
Backward References,0.3466135458167331,0.5,0.40941176470588236
References Overall,0.4040506329113924,0.6363636363636364,0.4942706720346858
Overall Average,0.34490538063539944,0.46760710553814,0.39321473234280224
