,precision,recall,f1
A Priori Concepts,0.14754098360655737,0.10505836575875487,0.12272727272727273
Emerging Concepts,0.04926108374384237,0.10638297872340426,0.06734006734006734
Concepts Overall,0.2616580310880829,0.29022988505747127,0.27520435967302453
Forward References,0.047619047619047616,0.6666666666666666,0.08888888888888889
Backward References,0.06451612903225806,0.2,0.0975609756097561
References Overall,0.046153846153846156,0.2727272727272727,0.07894736842105263
Overall Average,0.15390593862096452,0.281478578892372,0.17707586404703857
