,precision,recall,f1
A Priori Concepts,0.23711340206185566,0.17898832684824903,0.20399113082039913
Emerging Concepts,0.046875,0.09574468085106383,0.06293706293706294
Concepts Overall,0.2616580310880829,0.29022988505747127,0.27520435967302453
Forward References,0.029411764705882353,0.3333333333333333,0.05405405405405406
Backward References,0.03125,0.1,0.047619047619047616
References Overall,0.047619047619047616,0.2727272727272727,0.08108108108108109
Overall Average,0.15463853935356525,0.281478578892372,0.1781427203770528
