,precision,recall,f1
A Priori Concepts,0.22772277227722773,0.17898832684824903,0.20043572984749455
Emerging Concepts,0.043478260869565216,0.0851063829787234,0.05755395683453238
Concepts Overall,0.2616580310880829,0.29022988505747127,0.27520435967302453
Forward References,0.03571428571428571,0.3333333333333333,0.06451612903225806
Backward References,0.034482758620689655,0.1,0.05128205128205129
References Overall,0.05555555555555555,0.2727272727272727,0.0923076923076923
Overall Average,0.1586067933218192,0.281478578892372,0.18375602599035842
