,precision,recall,f1
A Priori Concepts,0.18947368421052632,0.14007782101167315,0.16107382550335572
Emerging Concepts,0.0663265306122449,0.13829787234042554,0.08965517241379312
Concepts Overall,0.2616580310880829,0.29022988505747127,0.27520435967302453
Forward References,0.05,0.6666666666666666,0.09302325581395349
Backward References,0.13043478260869565,0.3,0.18181818181818182
References Overall,0.06896551724137931,0.36363636363636365,0.11594202898550723
Overall Average,0.16531177416473108,0.32693312434691746,0.1955731943292659
