,precision,recall,f1
A Priori Concepts,0.18316831683168316,0.14396887159533073,0.16122004357298475
Emerging Concepts,0.059782608695652176,0.11702127659574468,0.07913669064748202
Concepts Overall,0.2616580310880829,0.29022988505747127,0.27520435967302453
Forward References,0.029411764705882353,0.3333333333333333,0.05405405405405406
Backward References,0.08823529411764706,0.3,0.13636363636363635
References Overall,0.06779661016949153,0.36363636363636365,0.1142857142857143
Overall Average,0.1647273206287872,0.32693312434691746,0.1947450369793694
