,precision,recall,f1
A Priori Concepts,0.25136612021857924,0.17898832684824903,0.2090909090909091
Emerging Concepts,0.07881773399014778,0.1702127659574468,0.10774410774410775
Concepts Overall,0.2616580310880829,0.29022988505747127,0.27520435967302453
Forward References,0.023809523809523808,0.3333333333333333,0.044444444444444446
Backward References,0.15384615384615385,0.4,0.2222222222222222
References Overall,0.09523809523809523,0.5454545454545454,0.16216216216216217
Overall Average,0.17844806316308906,0.41784221525600834,0.21868326091759335
