,precision,recall,f1
A Priori Concepts,0.19473684210526315,0.14396887159533073,0.16554809843400448
Emerging Concepts,0.04081632653061224,0.0851063829787234,0.05517241379310344
Concepts Overall,0.2616580310880829,0.29022988505747127,0.27520435967302453
Forward References,0.0,0.0,
Backward References,0.05555555555555555,0.2,0.08695652173913045
References Overall,0.030303030303030304,0.18181818181818182,0.05194805194805195
Overall Average,0.1459805306955566,0.23602403343782655,0.16357620581053825
