,precision,recall,f1
A Priori Concepts,0.22815533980582525,0.1828793774319066,0.20302375809935203
Emerging Concepts,0.03888888888888889,0.07446808510638298,0.051094890510948905
Concepts Overall,0.2616580310880829,0.29022988505747127,0.27520435967302453
Forward References,0.030303030303030304,0.3333333333333333,0.05555555555555555
Backward References,0.125,0.3,0.17647058823529413
References Overall,0.07692307692307693,0.36363636363636365,0.126984126984127
Overall Average,0.1692905540055799,0.32693312434691746,0.20109424332857578
