,precision,recall,f1
A Priori Concepts,0.19597989949748743,0.1517509727626459,0.17105263157894737
Emerging Concepts,0.06951871657754011,0.13829787234042554,0.09252669039145908
Concepts Overall,0.2616580310880829,0.29022988505747127,0.27520435967302453
Forward References,0.0,0.0,
Backward References,0.06666666666666667,0.2,0.1
References Overall,0.05555555555555555,0.2727272727272727,0.0923076923076923
Overall Average,0.1586067933218192,0.281478578892372,0.18375602599035842
