,precision,recall,f1
A Priori Concepts,0.18181818181818182,0.13229571984435798,0.15315315315315314
Emerging Concepts,0.08040201005025126,0.1702127659574468,0.10921501706484642
Concepts Overall,0.2616580310880829,0.29022988505747127,0.27520435967302453
Forward References,0.0,0.0,
Backward References,0.06451612903225806,0.2,0.0975609756097561
References Overall,0.05,0.2727272727272727,0.08450704225352113
Overall Average,0.15582901554404144,0.281478578892372,0.17985570096327283
