,precision,recall,f1
A Priori Concepts,0.18478260869565216,0.13229571984435798,0.15419501133786848
Emerging Concepts,0.024752475247524754,0.05319148936170213,0.033783783783783786
Concepts Overall,0.2616580310880829,0.29022988505747127,0.27520435967302453
Forward References,0.02564102564102564,0.3333333333333333,0.047619047619047616
Backward References,0.05555555555555555,0.2,0.08695652173913045
References Overall,0.028985507246376812,0.18181818181818182,0.05
Overall Average,0.14532176916722986,0.23602403343782655,0.16260217983651226
