,precision,recall,f1
A Priori Concepts,0.225130890052356,0.16731517509727625,0.1919642857142857
Emerging Concepts,0.06153846153846154,0.1276595744680851,0.08304498269896193
Concepts Overall,0.2616580310880829,0.29022988505747127,0.27520435967302453
Forward References,0.06060606060606061,0.6666666666666666,0.1111111111111111
Backward References,0.0967741935483871,0.3,0.14634146341463414
References Overall,0.06896551724137931,0.36363636363636365,0.11594202898550723
Overall Average,0.16531177416473108,0.32693312434691746,0.1955731943292659
