,precision,recall,f1
A Priori Concepts,0.22119815668202766,0.1867704280155642,0.20253164556962025
Emerging Concepts,0.03550295857988166,0.06382978723404255,0.045627376425855515
Concepts Overall,0.2616580310880829,0.29022988505747127,0.27520435967302453
Forward References,0.0,0.0,
Backward References,0.0,0.0,
References Overall,0.01818181818181818,0.09090909090909091,0.0303030303030303
Overall Average,0.13991992463495054,0.1905694879832811,0.1527536949880274
