,precision,recall,f1
A Priori Concepts,0.20408163265306123,0.1556420233463035,0.17660044150110374
Emerging Concepts,0.0821256038647343,0.18085106382978725,0.11295681063122924
Concepts Overall,0.25806451612903225,0.2988505747126437,0.2769640479360852
Forward References,0.027777777777777776,0.6666666666666666,0.05333333333333333
Backward References,0.06557377049180328,0.4,0.11267605633802817
References Overall,0.05737704918032787,0.6363636363636364,0.10526315789473685
Overall Average,0.15772078265468006,0.46760710553814,0.19111360291541102
