,precision,recall,f1
A Priori Concepts,0.22959183673469388,0.17509727626459143,0.1986754966887417
Emerging Concepts,0.07368421052631578,0.14893617021276595,0.09859154929577463
Concepts Overall,0.2616580310880829,0.29022988505747127,0.27520435967302453
Forward References,0.02631578947368421,0.3333333333333333,0.048780487804878044
Backward References,0.07142857142857142,0.2,0.10526315789473682
References Overall,0.06557377049180328,0.36363636363636365,0.11111111111111112
Overall Average,0.1636159007899431,0.32693312434691746,0.19315773539206782
