,precision,recall,f1
A Priori Concepts,0.3,0.16342412451361868,0.21158690176322417
Emerging Concepts,0.07317073170731707,0.19148936170212766,0.10588235294117646
Concepts Overall,0.2616580310880829,0.29022988505747127,0.27520435967302453
Forward References,0.03571428571428571,0.6666666666666666,0.06779661016949153
Backward References,0.06521739130434782,0.3,0.10714285714285714
References Overall,0.05319148936170213,0.45454545454545453,0.09523809523809525
Overall Average,0.15742476022489252,0.3723876698014629,0.18522122745555988
