,precision,recall,f1
A Priori Concepts,0.40397350993377484,0.23735408560311283,0.29901960784313725
Emerging Concepts,0.16428571428571428,0.48936170212765956,0.2459893048128342
Concepts Overall,0.4756380510440835,0.5890804597701149,0.5263157894736842
Forward References,0.0425531914893617,0.6666666666666666,0.08
Backward References,0.06578947368421052,0.5,0.11627906976744186
References Overall,0.04424778761061947,0.45454545454545453,0.08064516129032258
Overall Average,0.2599429193273515,0.5218129571577848,0.3034804753820034
