,precision,recall,f1
A Priori Concepts,0.3303964757709251,0.2918287937743191,0.30991735537190085
Emerging Concepts,0.09852216748768473,0.2127659574468085,0.13468013468013468
Concepts Overall,0.47674418604651164,0.5890804597701149,0.5269922879177378
Forward References,0.03125,0.3333333333333333,0.05714285714285714
Backward References,0.05,0.2,0.08000000000000002
References Overall,0.030303030303030304,0.18181818181818182,0.05194805194805195
Overall Average,0.253523608174771,0.3854493207941484,0.28947016993289487
