,precision,recall,f1
A Priori Concepts,0.33175355450236965,0.2723735408560311,0.2991452991452991
Emerging Concepts,0.1278538812785388,0.2978723404255319,0.17891373801916932
Concepts Overall,0.47674418604651164,0.5890804597701149,0.5269922879177378
Forward References,0.0,0.0,
Backward References,0.05660377358490566,0.3,0.09523809523809525
References Overall,0.03896103896103896,0.2727272727272727,0.06818181818181818
Overall Average,0.2578526125037753,0.4309038662486938,0.29758705304977795
