,precision,recall,f1
A Priori Concepts,0.37272727272727274,0.31906614785992216,0.3438155136268344
Emerging Concepts,0.13333333333333333,0.2978723404255319,0.18421052631578946
Concepts Overall,0.47674418604651164,0.5890804597701149,0.5269922879177378
Forward References,0.058823529411764705,0.6666666666666666,0.10810810810810811
Backward References,0.0784313725490196,0.4,0.13114754098360654
References Overall,0.05194805194805195,0.36363636363636365,0.09090909090909091
Overall Average,0.2643461189972818,0.4763584117032393,0.30895068941341436
