,precision,recall,f1
A Priori Concepts,0.3738738738738739,0.3229571984435798,0.3465553235908142
Emerging Concepts,0.125,0.2765957446808511,0.17218543046357615
Concepts Overall,0.47674418604651164,0.5890804597701149,0.5269922879177378
Forward References,0.037037037037037035,0.3333333333333333,0.06666666666666667
Backward References,0.058823529411764705,0.3,0.09836065573770492
References Overall,0.0410958904109589,0.2727272727272727,0.07142857142857142
Overall Average,0.25892003822873527,0.4309038662486938,0.2992104296731546
