,precision,recall,f1
A Priori Concepts,0.3212669683257919,0.27626459143968873,0.29707112970711297
Emerging Concepts,0.11483253588516747,0.2553191489361702,0.15841584158415842
Concepts Overall,0.47674418604651164,0.5890804597701149,0.5269922879177378
Forward References,0.038461538461538464,0.3333333333333333,0.06896551724137931
Backward References,0.0392156862745098,0.2,0.06557377049180327
References Overall,0.02702702702702703,0.18181818181818182,0.04705882352941177
Overall Average,0.25188560653676934,0.3854493207941484,0.2870255557235748
