,precision,recall,f1
A Priori Concepts,0.38967136150234744,0.3229571984435798,0.35319148936170214
Emerging Concepts,0.1152073732718894,0.26595744680851063,0.1607717041800643
Concepts Overall,0.47674418604651164,0.5890804597701149,0.5269922879177378
Forward References,0.0,0.0,
Backward References,0.034482758620689655,0.2,0.0588235294117647
References Overall,0.022222222222222223,0.18181818181818182,0.039603960396039604
Overall Average,0.24948320413436692,0.3854493207941484,0.2832981241568887
