,precision,recall,f1
A Priori Concepts,0.3392857142857143,0.29571984435797666,0.316008316008316
Emerging Concepts,0.11165048543689321,0.24468085106382978,0.15333333333333332
Concepts Overall,0.47674418604651164,0.5890804597701149,0.5269922879177378
Forward References,0.03333333333333333,0.3333333333333333,0.0606060606060606
Backward References,0.0784313725490196,0.4,0.13114754098360654
References Overall,0.05194805194805195,0.36363636363636365,0.09090909090909091
Overall Average,0.2643461189972818,0.4763584117032393,0.30895068941341436
