,precision,recall,f1
A Priori Concepts,0.4,0.3424124513618677,0.36897274633123694
Emerging Concepts,0.11904761904761904,0.26595744680851063,0.16447368421052627
Concepts Overall,0.47674418604651164,0.5890804597701149,0.5269922879177378
Forward References,0.0625,0.6666666666666666,0.11428571428571428
Backward References,0.08888888888888889,0.4,0.14545454545454545
References Overall,0.056338028169014086,0.36363636363636365,0.09756097560975611
Overall Average,0.26654110710776285,0.4763584117032393,0.3122766317637469
