,precision,recall,f1
A Priori Concepts,0.3394495412844037,0.28793774319066145,0.311578947368421
Emerging Concepts,0.10377358490566038,0.23404255319148937,0.14379084967320263
Concepts Overall,0.47674418604651164,0.5890804597701149,0.5269922879177378
Forward References,0.02857142857142857,0.3333333333333333,0.05263157894736842
Backward References,0.08695652173913043,0.4,0.14285714285714285
References Overall,0.05263157894736842,0.36363636363636365,0.09195402298850575
Overall Average,0.26468788249694003,0.4763584117032393,0.30947315545312176
