,precision,recall,f1
A Priori Concepts,0.3183856502242152,0.27626459143968873,0.29583333333333334
Emerging Concepts,0.0966183574879227,0.2127659574468085,0.132890365448505
Concepts Overall,0.47674418604651164,0.5890804597701149,0.5269922879177378
Forward References,0.05263157894736842,0.6666666666666666,0.09756097560975609
Backward References,0.10638297872340426,0.5,0.17543859649122806
References Overall,0.06578947368421052,0.45454545454545453,0.11494252873563217
Overall Average,0.2712668298653611,0.5218129571577848,0.32096740832668497
