,precision,recall,f1
A Priori Concepts,0.39737991266375544,0.3540856031128405,0.3744855967078189
Emerging Concepts,0.12935323383084577,0.2765957446808511,0.17627118644067793
Concepts Overall,0.47674418604651164,0.5890804597701149,0.5269922879177378
Forward References,0.030303030303030304,0.3333333333333333,0.05555555555555555
Backward References,0.07407407407407407,0.4,0.125
References Overall,0.05,0.36363636363636365,0.08791208791208792
Overall Average,0.2633720930232558,0.4763584117032393,0.30745218791491286
