,precision,recall,f1
A Priori Concepts,0.36,0.2801556420233463,0.31509846827133475
Emerging Concepts,0.13043478260869565,0.3191489361702128,0.18518518518518517
Concepts Overall,0.47674418604651164,0.5890804597701149,0.5269922879177378
Forward References,0.04878048780487805,0.6666666666666666,0.0909090909090909
Backward References,0.09259259259259259,0.5,0.15625
References Overall,0.056818181818181816,0.45454545454545453,0.101010101010101
Overall Average,0.26678118393234673,0.5218129571577848,0.3140011944639194
