,precision,recall,f1
A Priori Concepts,0.3492822966507177,0.2840466926070039,0.31330472103004287
Emerging Concepts,0.09954751131221719,0.23404255319148937,0.13968253968253969
Concepts Overall,0.47674418604651164,0.5890804597701149,0.5269922879177378
Forward References,0.03225806451612903,0.3333333333333333,0.0588235294117647
Backward References,0.06779661016949153,0.4,0.11594202898550726
References Overall,0.047619047619047616,0.36363636363636365,0.08421052631578947
Overall Average,0.26218161683277963,0.4763584117032393,0.30560140711676365
