,precision,recall,f1
A Priori Concepts,0.34801762114537443,0.30739299610894943,0.3264462809917355
Emerging Concepts,0.11822660098522167,0.2553191489361702,0.1616161616161616
Concepts Overall,0.47674418604651164,0.5890804597701149,0.5269922879177378
Forward References,0.029411764705882353,0.3333333333333333,0.05405405405405406
Backward References,0.06666666666666667,0.3,0.1090909090909091
References Overall,0.041666666666666664,0.2727272727272727,0.07228915662650602
Overall Average,0.25920542635658916,0.4309038662486938,0.2996407222721219
