,precision,recall,f1
A Priori Concepts,0.4,0.3346303501945525,0.3644067796610169
Emerging Concepts,0.13023255813953488,0.2978723404255319,0.18122977346278316
Concepts Overall,0.47674418604651164,0.5890804597701149,0.5269922879177378
Forward References,0.0,0.0,
Backward References,0.0784313725490196,0.4,0.13114754098360654
References Overall,0.04819277108433735,0.36363636363636365,0.08510638297872342
Overall Average,0.2624684785654245,0.4763584117032393,0.3060493354482306
