,precision,recall,f1
A Priori Concepts,0.3712871287128713,0.2918287937743191,0.3267973856209151
Emerging Concepts,0.10526315789473684,0.2553191489361702,0.14906832298136644
Concepts Overall,0.47674418604651164,0.5890804597701149,0.5269922879177378
Forward References,0.05263157894736842,0.6666666666666666,0.09756097560975609
Backward References,0.08771929824561403,0.5,0.14925373134328357
References Overall,0.05747126436781609,0.45454545454545453,0.10204081632653061
Overall Average,0.26710772520716386,0.5218129571577848,0.3145165521221342
