,precision,recall,f1
A Priori Concepts,0.35585585585585583,0.30739299610894943,0.32985386221294366
Emerging Concepts,0.1201923076923077,0.26595744680851063,0.16556291390728475
Concepts Overall,0.47674418604651164,0.5890804597701149,0.5269922879177378
Forward References,0.0,0.0,
Backward References,0.05357142857142857,0.3,0.09090909090909091
References Overall,0.038461538461538464,0.2727272727272727,0.06741573033707866
Overall Average,0.25760286225402507,0.4309038662486938,0.29720400912740824
