,precision,recall,f1
A Priori Concepts,0.37681159420289856,0.3035019455252918,0.33620689655172414
Emerging Concepts,0.14349775784753363,0.3404255319148936,0.20189274447949526
Concepts Overall,0.47674418604651164,0.5890804597701149,0.5269922879177378
Forward References,0.0,0.0,
Backward References,0.07142857142857142,0.4,0.12121212121212122
References Overall,0.04597701149425287,0.36363636363636365,0.0816326530612245
Overall Average,0.26136059877038226,0.4763584117032393,0.3043124704894811
