,precision,recall,f1
A Priori Concepts,0.4705752519844027,0.5642023346303502,0.5131530856934007
Emerging Concepts,0.048216007714561235,0.0425531914893617,0.04520795660036167
Concepts Overall,0.5197237316037677,0.5718390804597702,0.5445373138199574
Forward References,0.25287356321839083,0.3333333333333333,0.2875816993464052
Backward References,0.17045454545454547,0.2,0.18404907975460125
References Overall,0.3210552513688402,0.45454545454545453,0.37631271878646444
Overall Average,0.420389491486304,0.5131922675026124,0.4604250163032109
