,precision,recall,f1
A Priori Concepts,0.35467980295566504,0.2801556420233463,0.31304347826086953
Emerging Concepts,0.11894273127753303,0.2872340425531915,0.16822429906542058
Concepts Overall,0.47674418604651164,0.5890804597701149,0.5269922879177378
Forward References,0.02702702702702703,0.3333333333333333,0.05
Backward References,0.061224489795918366,0.3,0.10169491525423728
References Overall,0.0379746835443038,0.2727272727272727,0.06666666666666667
Overall Average,0.25735943479540774,0.4309038662486938,0.2968294772922022
