,precision,recall,f1
A Priori Concepts,0.3719806763285024,0.29961089494163423,0.33189655172413796
Emerging Concepts,0.14798206278026907,0.35106382978723405,0.2082018927444795
Concepts Overall,0.47674418604651164,0.5890804597701149,0.5269922879177378
Forward References,0.03333333333333333,0.3333333333333333,0.0606060606060606
Backward References,0.0784313725490196,0.4,0.13114754098360654
References Overall,0.05263157894736842,0.36363636363636365,0.09195402298850575
Overall Average,0.26468788249694003,0.4763584117032393,0.30947315545312176
