,precision,recall,f1
A Priori Concepts,0.3694581280788177,0.2918287937743191,0.3260869565217392
Emerging Concepts,0.13215859030837004,0.3191489361702128,0.18691588785046728
Concepts Overall,0.47674418604651164,0.5890804597701149,0.5269922879177378
Forward References,0.0,0.0,
Backward References,0.04,0.2,0.06666666666666667
References Overall,0.025974025974025976,0.18181818181818182,0.045454545454545456
Overall Average,0.2513591060102688,0.3854493207941484,0.2862234166861416
