,precision,recall,f1
A Priori Concepts,0.4057971014492754,0.32684824902723736,0.36206896551724144
Emerging Concepts,0.14349775784753363,0.3404255319148936,0.20189274447949526
Concepts Overall,0.47674418604651164,0.5890804597701149,0.5269922879177378
Forward References,0.027777777777777776,0.3333333333333333,0.05128205128205128
Backward References,0.09615384615384616,0.5,0.16129032258064518
References Overall,0.06097560975609756,0.45454545454545453,0.10752688172043011
Overall Average,0.2688598979013046,0.5218129571577848,0.31725958481908395
