,precision,recall,f1
A Priori Concepts,0.3886255924170616,0.31906614785992216,0.3504273504273504
Emerging Concepts,0.1232876712328767,0.2872340425531915,0.17252396166134185
Concepts Overall,0.47674418604651164,0.5890804597701149,0.5269922879177378
Forward References,0.0,0.0,
Backward References,0.05660377358490566,0.3,0.09523809523809525
References Overall,0.037037037037037035,0.2727272727272727,0.06521739130434782
Overall Average,0.25689061154177434,0.4309038662486938,0.2961048396110428
