,precision,recall,f1
A Priori Concepts,0.3333333333333333,0.2840466926070039,0.3067226890756302
Emerging Concepts,0.10426540284360189,0.23404255319148937,0.14426229508196722
Concepts Overall,0.47674418604651164,0.5890804597701149,0.5269922879177378
Forward References,0.058823529411764705,0.6666666666666666,0.10810810810810811
Backward References,0.1,0.4,0.16000000000000003
References Overall,0.058823529411764705,0.36363636363636365,0.10126582278481011
Overall Average,0.26778385772913815,0.4763584117032393,0.31412905535127394
