,precision,recall,f1
A Priori Concepts,0.34146341463414637,0.2723735408560311,0.30303030303030304
Emerging Concepts,0.12,0.2872340425531915,0.16927899686520376
Concepts Overall,0.47674418604651164,0.5890804597701149,0.5269922879177378
Forward References,0.02857142857142857,0.3333333333333333,0.05263157894736842
Backward References,0.038461538461538464,0.2,0.06451612903225806
References Overall,0.024691358024691357,0.18181818181818182,0.04347826086956521
Overall Average,0.2507177720356015,0.3854493207941484,0.2852352743936515
