,precision,recall,f1
A Priori Concepts,0.34146341463414637,0.2723735408560311,0.30303030303030304
Emerging Concepts,0.11297071129707113,0.2872340425531915,0.16216216216216217
Concepts Overall,0.46396396396396394,0.5919540229885057,0.5202020202020202
Forward References,0.029850746268656716,0.6666666666666666,0.05714285714285715
Backward References,0.06930693069306931,0.7,0.12612612612612611
References Overall,0.04487179487179487,0.6363636363636364,0.08383233532934133
Overall Average,0.2544178794178794,0.614158829676071,0.30201717776568077
