,precision,recall,f1
A Priori Concepts,0.38181818181818183,0.32684824902723736,0.35220125786163525
Emerging Concepts,0.10952380952380952,0.24468085106382978,0.1513157894736842
Concepts Overall,0.47674418604651164,0.5890804597701149,0.5269922879177378
Forward References,0.0,0.0,
Backward References,0.038461538461538464,0.2,0.06451612903225806
References Overall,0.027777777777777776,0.18181818181818182,0.04819277108433734
Overall Average,0.2522609819121447,0.3854493207941484,0.28759252950103753
