,precision,recall,f1
A Priori Concepts,0.3670068852275484,0.3463035019455253,0.3563547422773802
Emerging Concepts,0.24283455228305992,0.2765957446808511,0.25861796747539606
Concepts Overall,0.5238906528304809,0.5689655172413793,0.5454985284038222
Forward References,0.25287356321839083,0.3333333333333333,0.2875816993464052
Backward References,0.17045454545454547,0.2,0.18404907975460125
References Overall,0.3210552513688402,0.45454545454545453,0.37631271878646444
Overall Average,0.4224729520996605,0.5117554858934169,0.4609056235951433
