,precision,recall,f1
A Priori Concepts,0.361244019138756,0.5875486381322957,0.4474074074074074
Emerging Concepts,0.15384615384615385,0.0425531914893617,0.06666666666666667
Concepts Overall,0.46396396396396394,0.5919540229885057,0.5202020202020202
Forward References,0.029850746268656716,0.6666666666666666,0.05714285714285715
Backward References,0.06930693069306931,0.7,0.12612612612612611
References Overall,0.04487179487179487,0.6363636363636364,0.08383233532934133
Overall Average,0.2544178794178794,0.614158829676071,0.30201717776568077
