,precision,recall,f1
A Priori Concepts,0.3644859813084112,0.3035019455252918,0.33121019108280253
Emerging Concepts,0.1111111111111111,0.2553191489361702,0.15483870967741933
Concepts Overall,0.47674418604651164,0.5890804597701149,0.5269922879177378
Forward References,0.03125,0.3333333333333333,0.05714285714285714
Backward References,0.07407407407407407,0.4,0.125
References Overall,0.04878048780487805,0.36363636363636365,0.08602150537634409
Overall Average,0.26276233692569484,0.4763584117032393,0.30650689664704095
