,precision,recall,f1
A Priori Concepts,0.3277777777777778,0.4591439688715953,0.3824959481361426
Emerging Concepts,0.16901408450704225,0.1276595744680851,0.14545454545454548
Concepts Overall,0.4756380510440835,0.5890804597701149,0.5263157894736842
Forward References,0.029850746268656716,0.6666666666666666,0.05714285714285715
Backward References,0.06930693069306931,0.7,0.12612612612612611
References Overall,0.04487179487179487,0.6363636363636364,0.08383233532934133
Overall Average,0.26025492295793917,0.6127220480668756,0.30507406240151275
