,precision,recall,f1
A Priori Concepts,0.3958333333333333,0.22178988326848248,0.28428927680798
Emerging Concepts,0.16494845360824742,0.5106382978723404,0.24935064935064938
Concepts Overall,0.47126436781609193,0.5890804597701149,0.5236270753512132
Forward References,0.0425531914893617,0.6666666666666666,0.08
Backward References,0.075,0.6,0.13333333333333333
References Overall,0.05172413793103448,0.5454545454545454,0.09448818897637795
Overall Average,0.2614942528735632,0.5672675026123302,0.30905763216379556
