,precision,recall,f1
A Priori Concepts,0.3978117237703517,0.44357976653696496,0.41945095377959685
Emerging Concepts,0.15225464190981433,0.14893617021276595,0.1505771248688353
Concepts Overall,0.5197237316037677,0.5718390804597702,0.5445373138199574
Forward References,0.25287356321839083,0.3333333333333333,0.2875816993464052
Backward References,0.17045454545454547,0.2,0.18404907975460125
References Overall,0.3210552513688402,0.45454545454545453,0.37631271878646444
Overall Average,0.420389491486304,0.5131922675026124,0.4604250163032109
