,precision,recall,f1
A Priori Concepts,0.33014354066985646,0.26848249027237353,0.296137339055794
Emerging Concepts,0.1085972850678733,0.2553191489361702,0.1523809523809524
Concepts Overall,0.47674418604651164,0.5890804597701149,0.5269922879177378
Forward References,0.0,0.0,
Backward References,0.04918032786885246,0.3,0.08450704225352113
References Overall,0.03409090909090909,0.2727272727272727,0.06060606060606061
Overall Average,0.2554175475687104,0.4309038662486938,0.29379917426189917
