,precision,recall,f1
A Priori Concepts,0.33668341708542715,0.2607003891050584,0.29385964912280704
Emerging Concepts,0.12554112554112554,0.30851063829787234,0.17846153846153845
Concepts Overall,0.47674418604651164,0.5890804597701149,0.5269922879177378
Forward References,0.0,0.0,
Backward References,0.07407407407407407,0.4,0.125
References Overall,0.046511627906976744,0.36363636363636365,0.08247422680412372
Overall Average,0.2616279069767442,0.4763584117032393,0.30473325736093076
