,precision,recall,f1
A Priori Concepts,0.3729508196721312,0.3540856031128405,0.36327345309381237
Emerging Concepts,0.13440860215053763,0.26595744680851063,0.17857142857142855
Concepts Overall,0.47674418604651164,0.5890804597701149,0.5269922879177378
Forward References,0.034482758620689655,0.3333333333333333,0.0625
Backward References,0.11627906976744186,0.5,0.18867924528301888
References Overall,0.07462686567164178,0.45454545454545453,0.1282051282051282
Overall Average,0.2756855258590767,0.5218129571577848,0.327598708061433
