,precision,recall,f1
A Priori Concepts,0.33649289099526064,0.27626459143968873,0.30341880341880345
Emerging Concepts,0.1187214611872146,0.2765957446808511,0.16613418530351437
Concepts Overall,0.47674418604651164,0.5890804597701149,0.5269922879177378
Forward References,0.0,0.0,
Backward References,0.06521739130434782,0.3,0.10714285714285714
References Overall,0.039473684210526314,0.2727272727272727,0.06896551724137931
Overall Average,0.25810893512851896,0.4309038662486938,0.29797890257955856
