,precision,recall,f1
A Priori Concepts,0.3565217391304348,0.31906614785992216,0.33675564681724846
Emerging Concepts,0.13,0.2765957446808511,0.17687074829931973
Concepts Overall,0.47674418604651164,0.5890804597701149,0.5269922879177378
Forward References,0.029411764705882353,0.3333333333333333,0.05405405405405406
Backward References,0.08888888888888889,0.4,0.14545454545454545
References Overall,0.05405405405405406,0.36363636363636365,0.09411764705882354
Overall Average,0.2653991200502829,0.4763584117032393,0.31055496748828065
