,precision,recall,f1
A Priori Concepts,0.3038740157480315,0.2801556420233463,0.2915332084365746
Emerging Concepts,0.18189730200174065,0.20212765957446807,0.19147961520842877
Concepts Overall,0.5238906528304809,0.5689655172413793,0.5454985284038222
Forward References,0.25287356321839083,0.3333333333333333,0.2875816993464052
Backward References,0.17045454545454547,0.2,0.18404907975460125
References Overall,0.3210552513688402,0.45454545454545453,0.37631271878646444
Overall Average,0.4224729520996605,0.5117554858934169,0.4609056235951433
