,precision,recall,f1
A Priori Concepts,0.35944700460829493,0.3035019455252918,0.3291139240506329
Emerging Concepts,0.11267605633802817,0.2553191489361702,0.1563517915309446
Concepts Overall,0.47674418604651164,0.5890804597701149,0.5269922879177378
Forward References,0.02564102564102564,0.3333333333333333,0.047619047619047616
Backward References,0.0425531914893617,0.2,0.07017543859649122
References Overall,0.024390243902439025,0.18181818181818182,0.043010752688172046
Overall Average,0.2505672149744753,0.3854493207941484,0.2850015203029549
