,precision,recall,f1
A Priori Concepts,0.34101382488479265,0.28793774319066145,0.31223628691983124
Emerging Concepts,0.107981220657277,0.24468085106382978,0.1498371335504886
Concepts Overall,0.47674418604651164,0.5890804597701149,0.5269922879177378
Forward References,0.0,0.0,
Backward References,0.0392156862745098,0.2,0.06557377049180327
References Overall,0.02666666666666667,0.18181818181818182,0.04651162790697675
Overall Average,0.25170542635658916,0.3854493207941484,0.28675195791235725
