,precision,recall,f1
A Priori Concepts,0.36444444444444446,0.31906614785992216,0.34024896265560167
Emerging Concepts,0.12682926829268293,0.2765957446808511,0.17391304347826086
Concepts Overall,0.47674418604651164,0.5890804597701149,0.5269922879177378
Forward References,0.0,0.0,
Backward References,0.037037037037037035,0.2,0.0625
References Overall,0.023809523809523808,0.18181818181818182,0.042105263157894736
Overall Average,0.2502768549280177,0.3854493207941484,0.28454877553781627
