,precision,recall,f1
A Priori Concepts,0.32644628099173556,0.30739299610894943,0.31663326653306617
Emerging Concepts,0.09042553191489362,0.18085106382978725,0.12056737588652483
Concepts Overall,0.47674418604651164,0.5890804597701149,0.5269922879177378
Forward References,0.029411764705882353,0.3333333333333333,0.05405405405405406
Backward References,0.06666666666666667,0.3,0.1090909090909091
References Overall,0.0410958904109589,0.2727272727272727,0.07142857142857142
Overall Average,0.25892003822873527,0.4309038662486938,0.2992104296731546
