,precision,recall,f1
A Priori Concepts,0.3611111111111111,0.3035019455252918,0.32980972515856233
Emerging Concepts,0.11214953271028037,0.2553191489361702,0.15584415584415584
Concepts Overall,0.47674418604651164,0.5890804597701149,0.5269922879177378
Forward References,0.02702702702702703,0.3333333333333333,0.05
Backward References,0.03636363636363636,0.2,0.061538461538461535
References Overall,0.023529411764705882,0.18181818181818182,0.041666666666666664
Overall Average,0.25013679890560875,0.3854493207941484,0.2843294772922022
