,precision,recall,f1
A Priori Concepts,0.35294117647058826,0.2801556420233463,0.31236442516268986
Emerging Concepts,0.13716814159292035,0.32978723404255317,0.19374999999999998
Concepts Overall,0.47674418604651164,0.5890804597701149,0.5269922879177378
Forward References,0.05555555555555555,0.6666666666666666,0.10256410256410256
Backward References,0.10416666666666667,0.5,0.1724137931034483
References Overall,0.0641025641025641,0.45454545454545453,0.11235955056179772
Overall Average,0.27042337507453784,0.5218129571577848,0.31967591923976774
