,precision,recall,f1
A Priori Concepts,0.3645320197044335,0.28793774319066145,0.3217391304347826
Emerging Concepts,0.1277533039647577,0.30851063829787234,0.1806853582554517
Concepts Overall,0.47674418604651164,0.5890804597701149,0.5269922879177378
Forward References,0.03125,0.3333333333333333,0.05714285714285714
Backward References,0.07547169811320754,0.4,0.12698412698412698
References Overall,0.05128205128205128,0.36363636363636365,0.0898876404494382
Overall Average,0.26401311866428145,0.4763584117032393,0.308439964183588
