,precision,recall,f1
A Priori Concepts,0.36054421768707484,0.20622568093385213,0.2623762376237624
Emerging Concepts,0.1701388888888889,0.5212765957446809,0.25654450261780104
Concepts Overall,0.47126436781609193,0.5890804597701149,0.5236270753512132
Forward References,0.0425531914893617,0.6666666666666666,0.08
Backward References,0.08536585365853659,0.7,0.15217391304347827
References Overall,0.059322033898305086,0.6363636363636364,0.10852713178294575
Overall Average,0.2652932008571985,0.6127220480668756,0.31607710356707946
