,precision,recall,f1
A Priori Concepts,0.3336790251490796,0.3035019455252918,0.3178758876196357
Emerging Concepts,0.2234461054287962,0.2553191489361702,0.2383216783216783
Concepts Overall,0.5233244588494038,0.5689655172413793,0.5451914380464274
Forward References,0.25287356321839083,0.3333333333333333,0.2875816993464052
Backward References,0.17045454545454547,0.2,0.18404907975460125
References Overall,0.3210552513688402,0.45454545454545453,0.37631271878646444
Overall Average,0.422189855109122,0.5117554858934169,0.46075207841644594
